[{"fields": {"code_errors": "{}", "picture": "", "description": "\u042d\u043a\u0437\u0430\u043c\u0435\u043d IELTS (\u041c\u0435\u0436\u0434\u0443\u043d\u0430\u0440\u043e\u0434\u043d\u0430\u044f \u0441\u0438\u0441\u0442\u0435\u043c\u0430 \u0442\u0435\u0441\u0442\u0438\u0440\u043e\u0432\u0430\u043d\u0438\u044f \u0437\u043d\u0430\u043d\u0438\u044f \u0430\u043d\u0433\u043b\u0438\u0439\u0441\u043a\u043e\u0433\u043e \u044f\u0437\u044b\u043a\u0430) - \u044d\u0442\u043e \u0441\u0438\u0441\u0442\u0435\u043c\u0430 \u043e\u0446\u0435\u043d\u043a\u0438, \u0440\u0430\u0437\u0440\u0430\u0431\u043e\u0442\u0430\u043d\u043d\u0430\u044f \u0434\u043b\u044f \u043f\u043e\u0434\u0442\u0432\u0435\u0440\u0436\u0434\u0435\u043d\u0438\u044f \u0443\u0440\u043e\u0432\u043d\u044f \u0432\u043b\u0430\u0434\u0435\u043d\u0438\u044f \u044f\u0437\u044b\u043a\u043e\u0432\u044b\u043c\u0438 \u043d\u0430\u0432\u044b\u043a\u0430\u043c\u0438.\r\n", "created_at": "2015-07-21T08:36:35.943Z", "is_active": true, "updated_at": "2015-11-08T14:18:46.645Z", "created_by": 1, "name": "\u041a\u0443\u0440\u0441 \u043f\u043e\u0434\u0433\u043e\u0442\u043e\u0432\u043a\u0438 \u043a IELTS", "is_correct": true, "teacher": [1, 10, 13], "uuid": "bf75428a-3246-11e5-aaf2-a8206656fa77"}, "model": "quizy.course", "pk": 1}, {"fields": {"code_errors": "{}", "picture": "", "description": "", "created_at": "2015-08-29T15:39:22.499Z", "is_active": true, "updated_at": "2015-08-29T15:39:22.499Z", "created_by": 1, "name": "\u0422\u0435\u0441\u0442\u043e\u0432\u044b\u0439 \u043a\u0443\u0440\u0441 \u0434\u043b\u044f \u0434\u0435\u043c\u043e\u043d\u0441\u0442\u0440\u0430\u0446\u0438\u0438", "is_correct": true, "teacher": [], "uuid": "1ccf6ca6-6452-460b-8aa0-2999565f9a79"}, "model": "quizy.course", "pk": 2}, {"fields": {"code_errors": "{}", "picture": "lessons/15/lesson_7768.png", "uuid": "50db0cd1-309c-11e5-bff3-a8206656fa77", "is_correct": true, "lesson_type": "inside", "media": "", "created_at": "2015-07-05T13:14:08.703Z", "description": "xxxx", "is_active": true, "updated_at": "2015-07-22T18:06:03.572Z", "created_by": 1, "number": 2, "course": 1, "path_content": null, "timer": null, "full_lesson_type": "inside", "is_public": false, "tag": [], "teacher": [], "name": "dddddddssr"}, "model": "quizy.lesson", "pk": 15}, {"fields": {"code_errors": "{}", "picture": "", "uuid": "165177cc-309c-11e5-a6df-a8206656fa77", "is_correct": true, "lesson_type": "inside", "media": "", "created_at": "2015-07-05T13:15:10.662Z", "description": "\u041e\u043f\u0438\u0441\u0430\u043d\u0438\u0435 \u0443\u0440\u043e\u043a\u0430", "is_active": true, "updated_at": "2015-07-22T18:04:25.436Z", "created_by": 1, "number": 1, "course": 1, "path_content": null, "timer": null, "full_lesson_type": "inside", "is_public": false, "tag": [], "teacher": [], "name": "11111"}, "model": "quizy.lesson", "pk": 16}, {"fields": {"code_errors": "{}", "picture": "", "uuid": "a0fde0c5-32fa-11e5-b9aa-a8206656fa77", "is_correct": true, "lesson_type": "inside", "media": "", "created_at": "2015-07-22T21:40:15.261Z", "description": "\u041e\u043f\u0438\u0441\u0430\u043d\u0438\u0435 \u0442\u0435\u0441\u0442\u043e\u0432\u043e\u0433\u043e \u0443\u0440\u043e\u043a\u0430 Active", "is_active": true, "updated_at": "2015-07-25T18:26:12.887Z", "created_by": 1, "number": 3, "course": 1, "path_content": null, "timer": null, "full_lesson_type": "inside", "is_public": false, "tag": [], "teacher": [], "name": "\u0422\u0435\u0441\u0442\u043e\u0432\u044b\u0439 \u0443\u0440\u043e\u043a\u0430 Active \u0442\u0435\u0441\u0442\u0438\u0440\u043e\u0432\u0430\u043d\u0438\u0435 \u0432\u0432\u043e\u0434\u0430 \u0441\u043b\u043e\u0432 \u0432 \u0442\u0435\u043a\u0441\u0442\u0435"}, "model": "quizy.lesson", "pk": 31}, {"fields": {"code_errors": "{}", "picture": "", "uuid": "9489b9a3-3226-11e5-b67e-a8206656fa77", "is_correct": true, "lesson_type": "inside", "media": "", "created_at": "2015-07-24T12:22:12.267Z", "description": "\u041e\u043f\u0438\u0441\u0430\u043d\u0438\u0435 \u0442\u0435\u0441\u0442\u0438\u0440\u043e\u0432\u0430\u043d\u0438\u0435 \u0440\u0435\u0444\u043b\u0435\u043a\u0441\u0438\u0438 \u043e\u0442\u0432\u0435\u0442\u0430", "is_active": true, "updated_at": "2015-07-24T17:08:18.687Z", "created_by": 1, "number": 4, "course": 1, "path_content": null, "timer": null, "full_lesson_type": "inside", "is_public": false, "tag": [], "teacher": [], "name": "\u0422\u0435\u0441\u0442\u0438\u0440\u043e\u0432\u0430\u043d\u0438\u0435 \u0440\u0435\u0444\u043b\u0435\u043a\u0441\u0438\u0438 \u043e\u0442\u0432\u0435\u0442\u0430"}, "model": "quizy.lesson", "pk": 32}, {"fields": {"code_errors": "{}", "picture": "lessons/2aad9054/lesson_4948.png", "uuid": "2aad9054-4d78-11e5-8bca-03426b361ead", "is_correct": true, "lesson_type": "outside", "media": "lessons/2aad9054/media_6377.jpg", "created_at": "2015-08-28T07:29:44.536Z", "description": "<b>You have several library books that you are unable to return because a family member living in another city has fallen ill and you must go and take care of him/her.&nbsp;</b><p><span style=\"line-height: 1.45em; background-color: initial;\"><br></span></p><p><span style=\"line-height: 1.45em; background-color: initial;\">Write a letter to the library explaining the situation. In your letter</span><br></p><p></p><p></p><ul><li><span style=\"line-height: 1.45em; background-color: initial;\">apologize for the inconvenience caused and</span></li><li><span style=\"line-height: 1.45em; background-color: initial;\">explain what you will do to get your books returned.&nbsp;</span><br></li></ul><p></p><p>You should write at least 150 words.\r\n</p><p></p>\r\n", "is_active": true, "updated_at": "2015-10-20T08:15:16.176Z", "created_by": 10, "number": 0, "course": 1, "path_content": "1", "timer": 1200, "full_lesson_type": 2, "is_public": false, "tag": [], "teacher": [10], "name": "IELTS letters (1)"}, "model": "quizy.lesson", "pk": 47}, {"fields": {"code_errors": "{\"202\": \"\\u041d\\u0435\\u0442 \\u043d\\u0438 \\u043e\\u0434\\u043d\\u043e\\u0439 \\u0441\\u0442\\u0440\\u0430\\u043d\\u0438\\u0446\\u044b \\u0443\\u0440\\u043e\\u043a\\u0430\"}", "picture": "lessons/d8809db2/lesson_4564.png", "uuid": "d8809db2-5f28-4ec5-9d01-760c8cebcb6b", "is_correct": false, "lesson_type": "inside", "media": "", "created_at": "2015-08-31T08:10:56.517Z", "description": "Practicing IELTS General Writing (part 1)", "is_active": true, "updated_at": "2015-08-31T08:11:49.598Z", "created_by": 10, "number": 10, "course": 1, "path_content": null, "timer": null, "full_lesson_type": 1, "is_public": false, "tag": [], "teacher": [], "name": "IELTS Letter (2)"}, "model": "quizy.lesson", "pk": 58}, {"fields": {"code_errors": "{}", "picture": "lessons/5ff16a38/lesson_1805.png", "uuid": "5ff16a38-79f1-4b72-ad24-3db6849f9710", "is_correct": true, "lesson_type": "outside", "media": "lessons/5ff16a38/media_2682.png", "created_at": "2015-08-31T08:48:49.498Z", "description": "<b>You are organising a trip to the Snowy Mountains in New South Wales for a group of students from Perth in Western Australia.&nbsp;</b><p><span style=\"line-height: 1.45em; background-color: initial;\">Write to the manager of Student Hostel Services and explain:&nbsp;</span><br></p><p><ul><li><span style=\"line-height: 1.45em; background-color: initial;\">when you want to visit the Snowy Mountains;</span><br></li><li><span style=\"line-height: 1.45em; background-color: initial;\">how long you will stay;</span><br></li><li><span style=\"line-height: 1.45em; background-color: initial;\">how many students are in your party, and&nbsp;</span><br></li><li><span style=\"line-height: 1.45em; background-color: initial;\">what accommodation you will require.&nbsp;</span><br></li></ul></p><p><span style=\"line-height: 1.45em; background-color: initial;\">You should write at least 150 words.</span><br></p>\r\n", "is_active": true, "updated_at": "2015-10-20T08:15:25.265Z", "created_by": 10, "number": 0, "course": 1, "path_content": "1", "timer": 1200, "full_lesson_type": 2, "is_public": false, "tag": [], "teacher": [10], "name": "IELTS letters (2)"}, "model": "quizy.lesson", "pk": 59}, {"fields": {"code_errors": "{}", "picture": "lessons/3d5cd4ca/lesson_5907.png", "uuid": "3d5cd4ca-0f98-4d53-be1b-51a6ba7d77c5", "is_correct": true, "lesson_type": "outside", "media": "lessons/3d5cd4ca/media_9154.JPG", "created_at": "2015-08-31T08:54:19.960Z", "description": "<b>You recently bought an item of clothing from a shop. You discovered that it had a fault and returned it to the shop for replacement or refund. However, the assistant told you that this was against the store's policy.&nbsp;</b><p>Write a letter to the store manager. In your letter</p><p><ul><li><span style=\"line-height: 1.45em; background-color: initial;\">explain the problems you have had</span></li><li><span style=\"line-height: 1.45em; background-color: initial;\">ask  for a refund or exchange on the item.&nbsp;</span></li></ul><span style=\"line-height: 1.45em; background-color: initial;\">You should write at least 150 words.</span><br></p>\r\n", "is_active": true, "updated_at": "2015-10-20T08:14:30.119Z", "created_by": 10, "number": 0, "course": 1, "path_content": "1", "timer": 1200, "full_lesson_type": 2, "is_public": false, "tag": [], "teacher": [10], "name": "IELTS letters (3)"}, "model": "quizy.lesson", "pk": 60}, {"fields": {"code_errors": "{}", "picture": "lessons/62327f06/lesson_9132.png", "uuid": "62327f06-c254-482c-aefa-871c6025fddb", "is_correct": true, "lesson_type": "outside", "media": "lessons/62327f06/media_3978.jpg", "created_at": "2015-08-31T09:00:32.423Z", "description": "<b>You have a friend who lives in a city abroad. You have decided that you would like to apply to do a course at one of the colleges in his/her city.&nbsp;</b><p><span style=\"line-height: 1.45em; background-color: initial;\">Write to your friend explaining what you would like to do. In your letter</span></p><p></p><ul><li><span style=\"background-color: initial;\"><span style=\"line-height: 1.45em;\">ask if you could stay with them while you are looking for&nbsp;</span>accommodation<span style=\"line-height: 1.45em;\">&nbsp;&nbsp;</span></span></li><li><span style=\"background-color: initial;\"><span style=\"line-height: 1.45em;\">ask your friend for advice regarding&nbsp;</span>accommodation<span style=\"line-height: 1.45em;\">&nbsp;</span></span></li></ul><p></p><p><span style=\"line-height: 1.45em; background-color: initial;\">You should write at least 150 words.</span></p>\r\n", "is_active": true, "updated_at": "2015-10-20T08:13:52.762Z", "created_by": 10, "number": 0, "course": 1, "path_content": "1", "timer": 1200, "full_lesson_type": 2, "is_public": false, "tag": [], "teacher": [10], "name": "IELTS letters (4)"}, "model": "quizy.lesson", "pk": 61}, {"fields": {"code_errors": "{}", "picture": "lessons/0f9a7b7a/lesson_8744.png", "uuid": "0f9a7b7a-711b-4aba-a90e-36d5690ff498", "is_correct": true, "lesson_type": "outside", "media": "lessons/0f9a7b7a/media_5106.JPG", "created_at": "2015-08-31T09:06:22.971Z", "description": "<b>You have had a bank account for a few years. Recently you received a letter from the hank stating that your account is $240 overdrawn and that\r\nyou will he charged $70 which will be taken directly from your account. You know that this information is incorrect.&nbsp;</b><div><br></div><div>Write a letter to the bank. Explain what has happened and say what you would like them to do about it.&nbsp;</div><div>&nbsp;You should write at least 150 words.\r\n</div>", "is_active": true, "updated_at": "2015-10-19T08:17:46.454Z", "created_by": 10, "number": 0, "course": 1, "path_content": "1", "timer": 1200, "full_lesson_type": 2, "is_public": false, "tag": [], "teacher": [10], "name": "IELTS letters (5)"}, "model": "quizy.lesson", "pk": 62}, {"fields": {"code_errors": "{}", "picture": "lessons/55a0ebed/lesson_8872.png", "uuid": "55a0ebed-e0c0-4174-a6b6-6c05354a23c8", "is_correct": true, "lesson_type": "outside", "media": "lessons/55a0ebed/media_107.JPG", "created_at": "2015-10-09T05:02:40.680Z", "description": "<b>The choice to smoke is made by smokers, who are aware of potential harm. Therefore, smokers should  expect to pay more for medical treatment than non-smokers.&nbsp;</b><p><br></p><p>To what extent do you agree with this statement?&nbsp;</p><p></p><p>You should write at least 250 words.&nbsp;</p><p></p>\r\n", "is_active": true, "updated_at": "2015-10-19T08:19:36.540Z", "created_by": 10, "number": 0, "course": 1, "path_content": "1", "timer": 2400, "full_lesson_type": 2, "is_public": false, "tag": [], "teacher": [10], "name": "IELTS essay general - 1"}, "model": "quizy.lesson", "pk": 63}, {"fields": {"code_errors": "{}", "picture": "lessons/263807cb/lesson_7908.png", "uuid": "263807cb-7602-4146-abde-7e55e3489df0", "is_correct": true, "lesson_type": "outside", "media": "lessons/263807cb/media_8515.JPG", "created_at": "2015-10-09T05:13:28.970Z", "description": "<b>International entertainers, including sports personalities, often get paid millions of dollars per year. In your view, with widespread poverty in the world, are these huge earnings justified? Should there be a limit on how much one person can earn?&nbsp;</b><div><span style=\"line-height: 1.45em; background-color: initial;\"><br></span></div><div><span style=\"line-height: 1.45em; background-color: initial;\">Discuss this topic and provide reasons for your answer.&nbsp;</span></div><div><span style=\"line-height: 1.45em; background-color: initial;\">You should write at least 250 words.&nbsp;</span><br></div>", "is_active": true, "updated_at": "2015-10-19T08:22:17.292Z", "created_by": 10, "number": 0, "course": 1, "path_content": "1", "timer": 2400, "full_lesson_type": 2, "is_public": false, "tag": [], "teacher": [10], "name": "IELTS essay general - 2"}, "model": "quizy.lesson", "pk": 64}, {"fields": {"code_errors": "{}", "picture": "lessons/4095f97a/lesson_810.png", "uuid": "4095f97a-02d0-4aa2-9ddc-1e7bb65364f0", "is_correct": true, "lesson_type": "outside", "media": "lessons/4095f97a/media_2622.JPG", "created_at": "2015-10-09T05:21:37.766Z", "description": "<b>Parents are the best teachers.&nbsp;</b><div><b><br></b><div><span style=\"line-height: 1.45em; background-color: initial;\">To what extent do you agree/disagree with this statement?</span><b style=\"line-height: 1.45em; background-color: initial;\">&nbsp;</b><span style=\"line-height: 1.45em; background-color: initial;\">Use specific reasons and examples to support your answer.\r\n\r\nYou should write at least 250 words.</span></div></div>", "is_active": true, "updated_at": "2015-10-19T08:23:28.876Z", "created_by": 1, "number": 0, "course": 1, "path_content": "1", "timer": 2400, "full_lesson_type": 2, "is_public": false, "tag": [], "teacher": [10], "name": "IELTS essay general - 3"}, "model": "quizy.lesson", "pk": 65}, {"fields": {"code_errors": "{}", "picture": "lessons/7b991df4/lesson_1699.png", "uuid": "7b991df4-90c9-4e12-af48-bf7a0ae8b207", "is_correct": true, "lesson_type": "outside", "media": "lessons/7b991df4/media_1233.JPG", "created_at": "2015-10-09T05:50:29.005Z", "description": "<b>Nowadays food is much &nbsp;easier to prepare than 100-200 years ago. Is it a positive or a negative change?&nbsp;</b><div><br><div>Discuss and provide reasons and examples to support your answer.&nbsp;</div><div>You should write at least 250 words.&nbsp;</div></div>", "is_active": true, "updated_at": "2015-10-19T08:30:30.473Z", "created_by": 1, "number": 0, "course": 1, "path_content": "1", "timer": 2400, "full_lesson_type": 2, "is_public": false, "tag": [], "teacher": [10], "name": "IELTS essay general - 4"}, "model": "quizy.lesson", "pk": 66}, {"fields": {"code_errors": "{}", "picture": "lessons/d5fe0b6c/lesson_2010.png", "uuid": "d5fe0b6c-7cd6-4990-bc55-71469e03fe99", "is_correct": true, "lesson_type": "outside", "media": "lessons/d5fe0b6c/media_1128.JPG", "created_at": "2015-10-09T05:54:14.067Z", "description": "<b>As computers are increasingly being used in education, there will be soon no role for teachers in the classroom.&nbsp;</b><div>To what extent do you agree/disagree with this statement? Provide reasons and examples to support your answer.&nbsp;</div><div>You should write at least 250 words.&nbsp;</div>", "is_active": true, "updated_at": "2015-10-19T08:31:58.947Z", "created_by": 10, "number": 0, "course": 1, "path_content": "1", "timer": 2400, "full_lesson_type": 2, "is_public": false, "tag": [], "teacher": [10], "name": "IELTS essay general - 5"}, "model": "quizy.lesson", "pk": 67}, {"fields": {"code_errors": "{}", "picture": "lessons/1434f52c/lesson_7177.png", "uuid": "1434f52c-a76b-4516-be08-125d3500fb84", "is_correct": true, "lesson_type": "outside", "media": "", "created_at": "2015-10-16T00:32:11.628Z", "description": "<b>Compare and contrast knowledge gained from practical experience with knowledge gained from reading. \r\n\r\nIn your opinion, which source is more important? Why?&nbsp;</b><div><br><div>You should write at least 250 words.</div></div>", "is_active": true, "updated_at": "2015-10-19T08:33:44.311Z", "created_by": 10, "number": 0, "course": 1, "path_content": "1", "timer": 2400, "full_lesson_type": 2, "is_public": false, "tag": [], "teacher": [10], "name": "IELTS essay general - 6"}, "model": "quizy.lesson", "pk": 68}, {"fields": {"code_errors": "{}", "picture": "lessons/f3d1f2c0/lesson_4233.png", "uuid": "f3d1f2c0-9462-4bc5-a81a-f870e5fb5f05", "is_correct": true, "lesson_type": "outside", "media": "", "created_at": "2015-10-16T00:33:52.326Z", "description": "<p><b>S</b><b>ome\r\npeople think that it is important to use leisure time for activities that\r\nimprove the mind, such as reading and doing word puzzles.</b><b>Other</b><b>s</b><b> <span>feel that it is important\r\nto rest the mind during leisure time. Is resting one's mind critical for our&nbsp;well-being&nbsp;or should we use any opportunity to improve our mind?&nbsp;</span></b></p>You should write at least 250 words.&nbsp;", "is_active": true, "updated_at": "2015-10-19T08:38:55.552Z", "created_by": 1, "number": 0, "course": 1, "path_content": "1", "timer": 2400, "full_lesson_type": 2, "is_public": false, "tag": [], "teacher": [10], "name": "IELTS essay general - 7"}, "model": "quizy.lesson", "pk": 69}, {"fields": {"code_errors": "{}", "picture": "lessons/ab115963/lesson_2584.png", "uuid": "ab115963-63f3-4a35-9d38-1e1dc38cbebc", "is_correct": true, "lesson_type": "outside", "media": "", "created_at": "2015-10-16T00:37:45.131Z", "description": "<b>Most high level jobs are done by men, therefore governments should reserve a certain percentage of these jobs for women.&nbsp;</b><div>To what extent do you agree or disagree with this statement?&nbsp;<p><br></p><div>You should write at least 250 words.<p></p></div>\r\n</div>", "is_active": true, "updated_at": "2015-10-19T08:40:05.646Z", "created_by": 10, "number": 0, "course": 1, "path_content": "1", "timer": 2400, "full_lesson_type": 2, "is_public": false, "tag": [], "teacher": [10], "name": "IELTS essay general - 8"}, "model": "quizy.lesson", "pk": 70}, {"fields": {"code_errors": "{}", "picture": "lessons/4adf0a70/lesson_7101.png", "uuid": "4adf0a70-a205-43ad-9cfd-da4858485193", "is_correct": true, "lesson_type": "outside", "media": "", "created_at": "2015-10-16T00:43:49.218Z", "description": "<b>Famous people attract a lot of media attention. Is the lack of privacy an essential element of being famous or should famous people be protected from privacy invasion?&nbsp;</b><div><br><div>Discuss and give your opinion. \r\n\r\nYou should write at least 250 words.</div></div>", "is_active": true, "updated_at": "2015-10-19T08:42:06.736Z", "created_by": 10, "number": 0, "course": 1, "path_content": "1", "timer": 2400, "full_lesson_type": 2, "is_public": false, "tag": [], "teacher": [10], "name": "IELTS essay general - 9"}, "model": "quizy.lesson", "pk": 71}, {"fields": {"code_errors": "{}", "picture": "lessons/35983694/lesson_529.png", "uuid": "35983694-c239-4f1b-80ee-c16eb5b44acf", "is_correct": true, "lesson_type": "outside", "media": "", "created_at": "2015-10-16T00:45:29.628Z", "description": "<b>Should developing countries concentrate on improving industrial skills or should they promote education first?</b><div>&nbsp;<div>Express your opinion and give reasons and examples to support your answer.&nbsp;</div><div>You should write at least 250 words.</div></div>", "is_active": true, "updated_at": "2015-10-19T08:43:24.236Z", "created_by": 10, "number": 0, "course": 1, "path_content": "1", "timer": 2400, "full_lesson_type": 2, "is_public": false, "tag": [], "teacher": [10], "name": "IELTS essay general - 10"}, "model": "quizy.lesson", "pk": 72}, {"fields": {"code_errors": "{}", "picture": "lessons/cf0a0009/lesson_7399.png", "uuid": "cf0a0009-7c98-42d5-95f5-73aa7adaa571", "is_correct": true, "lesson_type": "outside", "media": "", "created_at": "2015-10-16T00:46:44.827Z", "description": "<div><p><b>We are becoming increasingly dependent on computers. They are used in business,&nbsp;<span style=\"line-height: 1.45em; background-color: initial;\">hospitals, crime detection and even to fly planes. What things will they be used in the&nbsp;</span><span style=\"line-height: 1.45em; background-color: initial;\">future? Is this dependence on computers a good thing or should we be more suspicious&nbsp;</span><span style=\"line-height: 1.45em; background-color: initial;\">of their benefits?</span></b></p></div><div>You should write at least 250 words.&nbsp;</div>", "is_active": true, "updated_at": "2015-10-19T08:44:57.395Z", "created_by": 10, "number": 0, "course": 1, "path_content": "1", "timer": 2400, "full_lesson_type": 2, "is_public": false, "tag": [], "teacher": [10], "name": "IELTS essay general - 11"}, "model": "quizy.lesson", "pk": 73}, {"fields": {"code_errors": "{}", "picture": "lessons/1f26a3a1/lesson_243.png", "uuid": "1f26a3a1-f7b2-48a5-9318-b4b77fe47da2", "is_correct": true, "lesson_type": "outside", "media": "", "created_at": "2015-10-16T00:48:23.780Z", "description": "<b>Has modern technology improved our lives, or was life better when technology was simpler?</b><div>Discuss and provide reasons and examples to support your answer.&nbsp;</div><div>You should write at least 250 words.&nbsp;</div>", "is_active": true, "updated_at": "2015-10-19T08:45:43.908Z", "created_by": 10, "number": 0, "course": 1, "path_content": "1", "timer": 2400, "full_lesson_type": 2, "is_public": false, "tag": [], "teacher": [10], "name": "IELTS essay general - 12"}, "model": "quizy.lesson", "pk": 74}, {"fields": {"code_errors": "{}", "picture": "lessons/eaafd54d/lesson_1065.png", "uuid": "eaafd54d-35ae-4bb0-b2b4-aa225afe2282", "is_correct": true, "lesson_type": "outside", "media": "", "created_at": "2015-10-16T00:50:18.098Z", "description": "<b>Some people believe that schools are trying to teach children too many subjects. They feel that children will learn more if they focused on fewer subjects.&nbsp;</b><div>To what extent do you agree/disagree with this opinion?&nbsp;<div><br><div>You should write at least 250 words.&nbsp;</div></div></div>", "is_active": true, "updated_at": "2015-10-19T08:50:15.984Z", "created_by": 10, "number": 0, "course": 1, "path_content": "1", "timer": 2400, "full_lesson_type": 2, "is_public": false, "tag": [], "teacher": [10], "name": "IELTS essay general - 13"}, "model": "quizy.lesson", "pk": 75}, {"fields": {"code_errors": "{}", "picture": "lessons/3e895b0b/lesson_689.png", "uuid": "3e895b0b-78bb-489c-a00b-e13c351b23d0", "is_correct": true, "lesson_type": "outside", "media": "", "created_at": "2015-10-16T00:52:17.138Z", "description": "<div><b>Nowadays we are producing more and more rubbish. Why do you think this is happening and what can governments do to help reduce the amount of rubbish produced?&nbsp;</b></div>Give reasons for your answer and include any relevant examples from your own knowledge or experience.&nbsp;<div><br><div>You should write at least 250 words.&nbsp;</div></div>", "is_active": true, "updated_at": "2015-10-19T08:52:49.674Z", "created_by": 10, "number": 0, "course": 1, "path_content": "1", "timer": 2400, "full_lesson_type": 2, "is_public": false, "tag": [], "teacher": [10], "name": "IELTS essay general - 14"}, "model": "quizy.lesson", "pk": 76}, {"fields": {"code_errors": "{}", "picture": "lessons/b8aba214/lesson_137.png", "uuid": "b8aba214-d503-4187-93cf-38a105df5f5d", "is_correct": true, "lesson_type": "outside", "media": "", "created_at": "2015-10-16T00:54:15.480Z", "description": "<b>If children behave badly, the parents should accept the responsibility for their children and also be punished.&nbsp;</b><div>To what extent do you agree/disagree with this statement? Use reasons and examples to support your answer.&nbsp;</div><div>You should write at least 250 words.&nbsp;</div>", "is_active": true, "updated_at": "2015-10-19T08:53:30.666Z", "created_by": 10, "number": 0, "course": 1, "path_content": "1", "timer": 2400, "full_lesson_type": 2, "is_public": false, "tag": [], "teacher": [10], "name": "IELTS essay general - 15"}, "model": "quizy.lesson", "pk": 77}, {"fields": {"code_errors": "{}", "picture": "lessons/87540732/lesson_1811.png", "uuid": "87540732-8599-466d-8942-ad5b75047825", "is_correct": true, "lesson_type": "outside", "media": "", "created_at": "2015-10-16T00:56:13.054Z", "description": "<b>PE (Physical Education/Sports) classes should be excluded from final years of school so that students can concentrate on academic subjects.&nbsp;</b><div><span style=\"line-height: 1.45em; background-color: initial;\">To what extent do you agree/disagree with this statement? Use reasons and examples to support your answer.&nbsp;</span><div>You should write at least 250 words.&nbsp;</div></div>", "is_active": true, "updated_at": "2015-10-19T08:54:58.009Z", "created_by": 10, "number": 0, "course": 1, "path_content": "1", "timer": 2400, "full_lesson_type": 2, "is_public": false, "tag": [], "teacher": [10], "name": "IELTS essay general - 16"}, "model": "quizy.lesson", "pk": 78}, {"fields": {"code_errors": "{}", "picture": "lessons/14525760/lesson_608.png", "uuid": "14525760-bf7e-4a2b-a638-fc95d4f82f85", "is_correct": true, "lesson_type": "outside", "media": "", "created_at": "2015-10-16T01:01:39.205Z", "description": "<b>Will modern technology such as the Internet and E-books ever replace paper books?</b> Why or why not?&nbsp;<div>Give your opinion and provide reasons and examples to support your answer.&nbsp;</div><div>You should write at least 250 words.&nbsp;</div>", "is_active": true, "updated_at": "2015-10-19T08:55:48.157Z", "created_by": 10, "number": 0, "course": 1, "path_content": "1", "timer": 2400, "full_lesson_type": 2, "is_public": false, "tag": [], "teacher": [10], "name": "IELTS essay general - 17"}, "model": "quizy.lesson", "pk": 79}, {"fields": {"code_errors": "{}", "picture": "lessons/8e7c7c8b/lesson_3622.png", "uuid": "8e7c7c8b-993f-4922-bffa-6f38a48840ea", "is_correct": true, "lesson_type": "outside", "media": "", "created_at": "2015-10-16T01:05:53.113Z", "description": "<b>Some people believe that families are not as close as they used to be. Do you agree/disagree with this opinion?&nbsp;</b><br><div>Give reasons and examples to support your answer.&nbsp;</div><div><br><div>You should write at least 250 words.&nbsp;</div></div>", "is_active": true, "updated_at": "2015-10-19T08:58:33.500Z", "created_by": 10, "number": 0, "course": 1, "path_content": "1", "timer": 2400, "full_lesson_type": 2, "is_public": false, "tag": [], "teacher": [10], "name": "IELTS essay general - 18"}, "model": "quizy.lesson", "pk": 80}, {"fields": {"code_errors": "{}", "picture": "lessons/f5fe14d2/lesson_8156.png", "uuid": "f5fe14d2-f37b-4f84-b999-53120d4cc752", "is_correct": true, "lesson_type": "outside", "media": "", "created_at": "2015-10-16T01:08:33.565Z", "description": "<b>In the past, buildings often reflected the culture of a society but today all modern buildings look alike and cities throughout the world are becoming more and more similar.</b>&nbsp;<div>What do you think about this trend?&nbsp;<div>Give your opinion and provide reasons and examples to support your answer.&nbsp;</div><div>You should write at least 250 words.&nbsp;</div></div>", "is_active": true, "updated_at": "2015-10-19T08:59:05.478Z", "created_by": 10, "number": 0, "course": 1, "path_content": "1", "timer": 2400, "full_lesson_type": 2, "is_public": false, "tag": [], "teacher": [10], "name": "IELTS essay general - 19"}, "model": "quizy.lesson", "pk": 81}, {"fields": {"code_errors": "{}", "picture": "lessons/d84a9bb1/lesson_2239.png", "uuid": "d84a9bb1-525f-44ea-a686-321d3e598100", "is_correct": true, "lesson_type": "outside", "media": "", "created_at": "2015-10-16T01:12:59.726Z", "description": "<b>Many people believe that women make better parents than men and that this is why they have traditionally had the greater role in raising children in most societies. Others claim that men are just as good as women at parenting.</b>&nbsp;<div><br><div>Give your opinion and provide reasons and examples to support your answer.&nbsp;</div><div>You should write at least 250 words.</div></div>", "is_active": true, "updated_at": "2015-10-19T09:00:24.527Z", "created_by": 10, "number": 0, "course": 1, "path_content": "1", "timer": 2400, "full_lesson_type": 2, "is_public": false, "tag": [], "teacher": [10], "name": "IELTS essay  general- 20"}, "model": "quizy.lesson", "pk": 82}, {"fields": {"code_errors": "{}", "picture": "lessons/4a61413f/lesson_1137.png", "uuid": "4a61413f-a960-40dc-8ac5-90eb59eb33f2", "is_correct": true, "lesson_type": "outside", "media": "", "created_at": "2015-10-16T01:16:00.937Z", "description": "<b>There are too many cars on the roads and governments should introduce restrictions on car use.&nbsp;</b><div><div>To what extent do you agree/disagree with this statement?&nbsp;</div><div>Provide reasons and examples to support your answers.&nbsp;</div><div>You should write at least 250 words.</div></div>", "is_active": true, "updated_at": "2015-10-19T09:01:18.900Z", "created_by": 10, "number": 0, "course": 1, "path_content": "1", "timer": 2400, "full_lesson_type": 2, "is_public": false, "tag": [], "teacher": [10], "name": "IELTS essay general- 21"}, "model": "quizy.lesson", "pk": 83}, {"fields": {"code_errors": "{}", "picture": "lessons/7df6a307/lesson_9112.png", "uuid": "7df6a307-c8d5-44ac-9788-3c94d216408e", "is_correct": true, "lesson_type": "outside", "media": "", "created_at": "2015-10-16T01:21:46.535Z", "description": "<b>The world population is growing and it\u2019s important to control the number of children that families can have. If a couple would like to have more than 2 children, they should pay higher taxes.</b>&nbsp;<div>To what extent do you agree or disagree with this statement?&nbsp;</div><div>Give reasons and examples to support your answer.&nbsp;</div><div>You should write at least 250 words.</div>", "is_active": true, "updated_at": "2015-10-19T09:01:59.398Z", "created_by": 10, "number": 0, "course": 1, "path_content": "1", "timer": 2400, "full_lesson_type": 2, "is_public": false, "tag": [], "teacher": [10], "name": "IELTS essay  general- 22"}, "model": "quizy.lesson", "pk": 84}, {"fields": {"code_errors": "{}", "picture": "lessons/1f95fb57/lesson_7206.png", "uuid": "1f95fb57-3cc3-451e-855f-fcc9a89e0267", "is_correct": true, "lesson_type": "outside", "media": "", "created_at": "2015-10-16T01:29:06.844Z", "description": "<b>Television programs harm most children. </b>To what extent do you agree or disagree with this statement?&nbsp;<div>Provide reasons and examples to support your answer.&nbsp;</div><div>You should write at least 250 words.&nbsp;</div>", "is_active": true, "updated_at": "2015-10-19T09:03:00.583Z", "created_by": 10, "number": 0, "course": 1, "path_content": "1", "timer": 2400, "full_lesson_type": 2, "is_public": false, "tag": [], "teacher": [10], "name": "IELTS essay  general- 23"}, "model": "quizy.lesson", "pk": 85}, {"fields": {"code_errors": "{}", "picture": "lessons/6aefd251/lesson_1821.png", "uuid": "6aefd251-2beb-499b-975b-b61bf93dc408", "is_correct": true, "lesson_type": "outside", "media": "", "created_at": "2015-10-16T01:30:44.283Z", "description": "<b>In some societies more and more people choose to live alone. Why do you think this is? What are the advantages and disadvantages of living alone?&nbsp;</b><div><span style=\"line-height: 1.45em; background-color: initial;\">Give reasons for your answer and include any relevant examples for your own knowledge or experience.&nbsp;</span></div><div><span style=\"line-height: 1.45em; background-color: initial;\">You should write at least 250 words.&nbsp;</span></div>", "is_active": true, "updated_at": "2015-10-19T09:05:18.659Z", "created_by": 10, "number": 0, "course": 1, "path_content": "1", "timer": 2400, "full_lesson_type": 2, "is_public": false, "tag": [], "teacher": [10], "name": "IELTS essay  general- 24"}, "model": "quizy.lesson", "pk": 86}, {"fields": {"code_errors": "{}", "picture": "lessons/ec1e2052/lesson_9387.png", "uuid": "ec1e2052-14e0-4151-914f-7c0977c63ff5", "is_correct": true, "lesson_type": "outside", "media": "", "created_at": "2015-10-16T01:33:01.006Z", "description": "<b>It has been more than 30 years since man first landed on the moon. Some people think that space research is a waste of money and that the resources would have been better spent on improving people\u2019s lives.&nbsp;</b><div>To what extent do you agree or disagree with this statement?&nbsp;</div><div>Give reasons and examples to support your answer.&nbsp;</div><div>You should write at least 250 words.&nbsp;</div>", "is_active": true, "updated_at": "2015-10-19T09:05:50.270Z", "created_by": 10, "number": 0, "course": 1, "path_content": "1", "timer": 2400, "full_lesson_type": 2, "is_public": false, "tag": [], "teacher": [10], "name": "IELTS essay  general- 25"}, "model": "quizy.lesson", "pk": 87}, {"fields": {"code_errors": "{}", "picture": "lessons/73da5bc5/lesson_5216.png", "uuid": "73da5bc5-ed30-4632-bfbb-b092915cecf0", "is_correct": true, "lesson_type": "outside", "media": "", "created_at": "2015-10-16T01:38:58.885Z", "description": "<b>You mistakenly left something valuable on a train.&nbsp;</b><p>Write a letter to the train company explaining the situation. In your letter</p><p><ul><li><span style=\"line-height: 1.45em; background-color: initial;\">describe the item you left behind and&nbsp;</span></li><li><span style=\"line-height: 1.45em; background-color: initial;\">describe what you hope the company will do to help you.&nbsp;</span><br></li></ul></p><p>You should write at least 150 words.\r\n</p>\r\n", "is_active": true, "updated_at": "2015-10-20T08:10:37.945Z", "created_by": 10, "number": 0, "course": 1, "path_content": "1", "timer": 1200, "full_lesson_type": 2, "is_public": false, "tag": [], "teacher": [10], "name": "IELTS letters (6)"}, "model": "quizy.lesson", "pk": 88}, {"fields": {"code_errors": "{}", "picture": "lessons/bbe0e685/lesson_9844.png", "uuid": "bbe0e685-23e5-4a7a-b4aa-3ebc5b6fd44e", "is_correct": true, "lesson_type": "outside", "media": "", "created_at": "2015-10-16T01:40:02.575Z", "description": "<b>You wish to participate in a work-related seminar in another city.&nbsp;</b><p>\r\nWrite a letter to the seminar organizer. In your letter</p><p><ul><li><span style=\"line-height: 1.45em; background-color: initial;\">ask for detailed information regarding the dates, program, accommodations and cost.&nbsp;</span><br></li></ul></p><p>You should write at least 150 words.\r\n</p>\r\n", "is_active": true, "updated_at": "2015-10-20T08:08:57.361Z", "created_by": 10, "number": 0, "course": 1, "path_content": "1", "timer": 1200, "full_lesson_type": 2, "is_public": false, "tag": [], "teacher": [10], "name": "IELTS letters (7)"}, "model": "quizy.lesson", "pk": 89}, {"fields": {"code_errors": "{}", "picture": "lessons/2d645673/lesson_9039.png", "uuid": "2d645673-4a95-4de0-86f0-ccbe8e846b2a", "is_correct": true, "lesson_type": "outside", "media": "", "created_at": "2015-10-16T01:41:27.860Z", "description": "<b>You purchased a new camera; within a few days, you discover it has a major flaw.&nbsp;</b><p>Write a letter to the manufacturer. \r\nIn your letter&nbsp;</p><p><ul><li><span style=\"line-height: 1.45em; background-color: initial;\">introduce yourself</span></li><li><span style=\"line-height: 1.45em; background-color: initial;\">explain the situation</span></li><li><span style=\"line-height: 1.45em; background-color: initial;\">state what action you would like the manufacturer to take.&nbsp;</span><br></li></ul></p><p>You should write at least 150 words.\r\n</p>\r\n", "is_active": true, "updated_at": "2015-10-20T08:08:20.204Z", "created_by": 1, "number": 0, "course": 1, "path_content": "1", "timer": 1200, "full_lesson_type": 2, "is_public": false, "tag": [], "teacher": [10], "name": "IELTS letters (8)"}, "model": "quizy.lesson", "pk": 90}, {"fields": {"code_errors": "{}", "picture": "lessons/db843e01/lesson_3293.png", "uuid": "db843e01-ae81-4e97-b126-a4ce94e161d4", "is_correct": true, "lesson_type": "outside", "media": "", "created_at": "2015-10-16T01:42:42.283Z", "description": "<b>You recently accepted a part-time job. After a few weeks you find that there are several problems with the job.</b>&nbsp;<p>Write a letter to the manager of the company. In your letter&nbsp;</p><p><ul><li><span style=\"line-height: 1.45em; background-color: initial;\">describe the problems that you experienced and&nbsp;</span></li><li><span style=\"line-height: 1.45em; background-color: initial;\">suggest what could be done about them.&nbsp;</span><br></li></ul></p><p>You should write at least 150 words.\r\n</p>\r\n", "is_active": true, "updated_at": "2015-10-20T08:07:59.286Z", "created_by": 10, "number": 0, "course": 1, "path_content": "1", "timer": 1200, "full_lesson_type": 2, "is_public": false, "tag": [], "teacher": [10], "name": "IELTS letters (9)"}, "model": "quizy.lesson", "pk": 91}, {"fields": {"code_errors": "{}", "picture": "lessons/b6834fe1/lesson_5434.png", "uuid": "b6834fe1-2a84-4441-8490-b1b5b7ed7cf3", "is_correct": true, "lesson_type": "outside", "media": "", "created_at": "2015-10-16T01:43:45.723Z", "description": "<b>You traveled by long distance bus recently and your suitcase was damaged.</b>&nbsp;<p>Write a letter to the bus company. In your letter&nbsp;</p><p><ul><li><span style=\"line-height: 1.45em; background-color: initial;\">inform the bus company of when and to where you traveled</span></li><li><span style=\"line-height: 1.45em; background-color: initial;\">describe your suitcase and what happened to it&nbsp;</span></li><li><span style=\"line-height: 1.45em; background-color: initial;\">suggest what the bus company should do about the situation.&nbsp;</span><br></li></ul></p><p>You should write at least 150 words.\r\n</p>\r\n", "is_active": true, "updated_at": "2015-10-20T08:07:38.882Z", "created_by": 10, "number": 0, "course": 1, "path_content": "1", "timer": 1200, "full_lesson_type": 2, "is_public": false, "tag": [], "teacher": [10], "name": "IELTS letters (10)"}, "model": "quizy.lesson", "pk": 92}, {"fields": {"code_errors": "{}", "picture": "lessons/44ed5bc7/lesson_3586.png", "uuid": "44ed5bc7-0aca-4738-84d0-d095c3cb213c", "is_correct": true, "lesson_type": "outside", "media": "", "created_at": "2015-10-16T01:44:46.561Z", "description": "<b>You recently had your computer fixed at the local computer store.  However, you received poor service.&nbsp;</b><p>Write a letter to the store manager. In your letter&nbsp;</p><p><ul><li><span style=\"line-height: 1.45em; background-color: initial;\">describe the situation</span></li><li><span style=\"line-height: 1.45em; background-color: initial;\">explain why you are dissatisfied</span></li><li><span style=\"line-height: 1.45em; background-color: initial;\">state what you want the manager to do.&nbsp;</span><br></li></ul></p><p><span style=\"line-height: 1.45em; background-color: initial;\">You should write at least 150 words.</span></p>\r\n", "is_active": true, "updated_at": "2015-10-20T08:07:08.025Z", "created_by": 10, "number": 0, "course": 1, "path_content": "1", "timer": 1200, "full_lesson_type": 2, "is_public": false, "tag": [], "teacher": [10], "name": "IELTS letters (11)"}, "model": "quizy.lesson", "pk": 93}, {"fields": {"code_errors": "{}", "picture": "lessons/8370be2c/lesson_9257.png", "uuid": "8370be2c-84fa-476f-aaa6-50a8c510b1cd", "is_correct": true, "lesson_type": "outside", "media": "", "created_at": "2015-10-16T01:45:52.706Z", "description": "<b>You are going to visit New Zealand for an 'English and Homestay' program. You just received the details of your homestay host family.&nbsp;</b><p>Write your first letter to the family. In your letter&nbsp;</p><p><ul><li><span style=\"line-height: 1.45em; background-color: initial;\">introduce yourself</span></li><li><span style=\"line-height: 1.45em; background-color: initial;\">ask the family a few questions to get information that is important to you</span></li><li><span style=\"line-height: 1.45em; background-color: initial;\">tell the family about your arrival date and time.&nbsp;</span><br></li></ul></p><p>Write at least 150 words.\r\n</p>\r\n", "is_active": true, "updated_at": "2015-10-20T08:06:45.499Z", "created_by": 10, "number": 0, "course": 1, "path_content": "1", "timer": 1200, "full_lesson_type": 2, "is_public": false, "tag": [], "teacher": [10], "name": "IELTS letters (12)"}, "model": "quizy.lesson", "pk": 94}, {"fields": {"code_errors": "{}", "picture": "lessons/d0f3ed5f/lesson_2393.png", "uuid": "d0f3ed5f-095d-4278-bd35-7a46ebbd4acf", "is_correct": true, "lesson_type": "outside", "media": "", "created_at": "2015-10-16T01:46:49.891Z", "description": "<b>You are employed full-time and also taking a part-time evening course. You are not able to continue the course.&nbsp;</b><p>Write a letter to the course lecturer. In the letter&nbsp;</p><p><ul><li><span style=\"line-height: 1.45em; background-color: initial;\">describe the situation</span></li><li><span style=\"line-height: 1.45em; background-color: initial;\">explain why you cannot continue the course and&nbsp;</span></li><li><span style=\"line-height: 1.45em; background-color: initial;\">state what you will do about your situation.&nbsp;</span><br></li></ul></p><p>Write at least 150 words.\r\n</p>\r\n", "is_active": true, "updated_at": "2015-10-20T08:06:22.690Z", "created_by": 10, "number": 0, "course": 1, "path_content": "1", "timer": 1200, "full_lesson_type": 2, "is_public": false, "tag": [], "teacher": [10], "name": "IELTS letters (13)"}, "model": "quizy.lesson", "pk": 95}, {"fields": {"code_errors": "{}", "picture": "lessons/3f63bc5d/lesson_21.png", "uuid": "3f63bc5d-83d9-4088-ab30-5212c4301002", "is_correct": true, "lesson_type": "outside", "media": "", "created_at": "2015-10-16T01:47:51.102Z", "description": "<b>For the past year you belonged to a local club. Now you want to discontinue your membership.&nbsp;</b><p>Write a letter to the club secretary. In your letter&nbsp;</p><p><ul><li><span style=\"line-height: 1.45em; background-color: initial;\">state what type of membership you have</span></li><li><span style=\"line-height: 1.45em; background-color: initial;\">how you made your payments</span></li><li><span style=\"line-height: 1.45em; background-color: initial;\">give details of how you benefited from club membership</span></li><li><span style=\"line-height: 1.45em; background-color: initial;\">explain why you want to leave.&nbsp;</span><br></li></ul></p><p>Write at least 150 words.\r\n</p>\r\n", "is_active": true, "updated_at": "2015-10-20T08:06:01.125Z", "created_by": 10, "number": 0, "course": 1, "path_content": "1", "timer": 1200, "full_lesson_type": 2, "is_public": false, "tag": [], "teacher": [10], "name": "IELTS letters (14)"}, "model": "quizy.lesson", "pk": 96}, {"fields": {"code_errors": "{}", "picture": "lessons/0f590a22/lesson_584.png", "uuid": "0f590a22-d486-4f4b-9fa2-850cd0e8436f", "is_correct": true, "lesson_type": "outside", "media": "", "created_at": "2015-10-16T01:48:56.951Z", "description": "<b>You are due to start a new job next week but you will not be able to because you have some problems.&nbsp;</b><p>Write a letter to your new employer. In your letter&nbsp;</p><p><ul><li><span style=\"line-height: 1.45em; background-color: initial;\">explain your situation</span></li><li><span style=\"line-height: 1.45em; background-color: initial;\">describe your problems</span></li><li><span style=\"line-height: 1.45em; background-color: initial;\">tell him/her when you think you can start.&nbsp;</span><br></li></ul></p><p>Write at least 150 words\r\n</p>\r\n", "is_active": true, "updated_at": "2015-10-20T08:04:10.724Z", "created_by": 10, "number": 0, "course": 1, "path_content": "1", "timer": 1200, "full_lesson_type": 2, "is_public": false, "tag": [], "teacher": [10], "name": "IELTS letters (15)"}, "model": "quizy.lesson", "pk": 97}, {"fields": {"code_errors": "{}", "picture": "lessons/705a6f44/lesson_8955.png", "uuid": "705a6f44-5eb6-4ea9-ad9d-b319d19ce599", "is_correct": true, "lesson_type": "outside", "media": "", "created_at": "2015-10-16T01:49:53.334Z", "description": "<b>You live near the airport and you are unhappy about a plan to make your local airport bigger and increase the number of flights.&nbsp;</b><p>Write a letter to your local newspaper. In your letter&nbsp;</p><p><ul><li><span style=\"line-height: 1.45em; background-color: initial;\">explain where you live</span></li><li><span style=\"line-height: 1.45em; background-color: initial;\">describe the problem</span></li><li><span style=\"line-height: 1.45em; background-color: initial;\">give reasons why you do not want this development.&nbsp;</span><br></li></ul></p><p>You should write at least 150 words.\r\n</p>\r\n", "is_active": true, "updated_at": "2015-10-20T08:03:50.281Z", "created_by": 10, "number": 0, "course": 1, "path_content": "1", "timer": 1200, "full_lesson_type": 2, "is_public": false, "tag": [], "teacher": [10], "name": "IELTS letters (16)"}, "model": "quizy.lesson", "pk": 98}, {"fields": {"code_errors": "{}", "picture": "lessons/9059f0e4/lesson_8191.png", "uuid": "9059f0e4-930d-4ec5-9463-50982e8b08d1", "is_correct": true, "lesson_type": "outside", "media": "", "created_at": "2015-10-16T01:51:43.212Z", "description": "<b>You have just returned home after living with a family in an English-speaking country for six months.\r\nYou have realised that you left a small bag of personal possessions in your room.&nbsp;</b><p>Write to the family. In your letter</p><p><ul><li><span style=\"line-height: 1.45em; background-color: initial;\">describe the things you left behind;</span></li><li><span style=\"line-height: 1.45em; background-color: initial;\">ask them to send you the bag;</span></li><li><span style=\"line-height: 1.45em; background-color: initial;\">offer to cover the costs.&nbsp;</span><br></li></ul></p><p>You should write at least 150 words.\r\n</p>\r\n", "is_active": true, "updated_at": "2015-10-20T08:03:26.977Z", "created_by": 10, "number": 0, "course": 1, "path_content": "1", "timer": 1200, "full_lesson_type": 2, "is_public": false, "tag": [], "teacher": [10], "name": "IELTS letters (17)"}, "model": "quizy.lesson", "pk": 99}, {"fields": {"code_errors": "{}", "picture": "lessons/ccaeb86e/lesson_5812.png", "uuid": "ccaeb86e-89b3-44d7-923e-bf22f841ca2e", "is_correct": true, "lesson_type": "outside", "media": "", "created_at": "2015-10-16T01:53:17.842Z", "description": "<b>Last week you were on a flight to London. Unfortunately, when you left the plane, you left a folder with some documents. You did not remember about the folder until you got to your hotel.</b>&nbsp;<p>Write a letter to the airline. In your letter</p><p><ul><li><span style=\"line-height: 1.45em; background-color: initial;\">explain what has happened</span></li><li><span style=\"line-height: 1.45em; background-color: initial;\">describe the folder and its contents and&nbsp;</span></li><li><span style=\"line-height: 1.45em; background-color: initial;\">say what you would like them to do about it.&nbsp;</span><br></li></ul></p><p>You should write at least 150 words.\r\n</p>\r\n", "is_active": true, "updated_at": "2015-10-20T08:02:43.115Z", "created_by": 10, "number": 0, "course": 1, "path_content": "1", "timer": 1200, "full_lesson_type": 2, "is_public": false, "tag": [], "teacher": [10], "name": "IELTS letters (18)"}, "model": "quizy.lesson", "pk": 100}, {"fields": {"code_errors": "{}", "picture": "lessons/fc26c984/lesson_6921.png", "uuid": "fc26c984-49a5-481d-b019-010641a024ca", "is_correct": true, "lesson_type": "outside", "media": "", "created_at": "2015-10-16T01:54:11.435Z", "description": "<b>You are going to study in a college in the UK next year. You would like to stay in a college Hall of Residence.</b>&nbsp;<p>Write a letter to the college giving your accommodation requirements.&nbsp;</p><p><ul><li><span style=\"line-height: 1.45em; background-color: initial;\">You should outline what your room and food needs are and&nbsp;</span></li><li><span style=\"line-height: 1.45em; background-color: initial;\">also ask what alternatives are available if they cannot provide what you want.&nbsp;</span><br></li></ul></p><p>You should write at least 150 words.\r\n</p>\r\n", "is_active": true, "updated_at": "2015-10-20T08:02:14.491Z", "created_by": 10, "number": 0, "course": 1, "path_content": "1", "timer": 1200, "full_lesson_type": 2, "is_public": false, "tag": [], "teacher": [10], "name": "IELTS letters (19)"}, "model": "quizy.lesson", "pk": 101}, {"fields": {"code_errors": "{}", "picture": "lessons/e0383ebb/lesson_248.png", "uuid": "e0383ebb-2640-40d4-9690-4e48f2a0ba69", "is_correct": true, "lesson_type": "outside", "media": "", "created_at": "2015-10-16T01:55:07.308Z", "description": "<b>You celebrated your birthday with some friends last week in a restaurant. It was a great success and you and your friends enjoyed the evening very much.&nbsp;</b><p>\r\nWrite a letter to the restaurant. In your letter</p><p><ul><li><span style=\"line-height: 1.45em; background-color: initial;\">thank them</span></li><li><span style=\"line-height: 1.45em; background-color: initial;\">mention the food, service and the atmosphere.&nbsp;</span></li><li><span style=\"line-height: 1.45em; background-color: initial;\">also suggest any improvements.&nbsp;</span><br></li></ul></p><p>You should write at least 150 words.\r\n</p>\r\n", "is_active": true, "updated_at": "2015-10-20T08:01:49.459Z", "created_by": 10, "number": 0, "course": 1, "path_content": "1", "timer": 1200, "full_lesson_type": 2, "is_public": false, "tag": [], "teacher": [10], "name": "IELTS letters (20)"}, "model": "quizy.lesson", "pk": 102}, {"fields": {"code_errors": "{}", "picture": "lessons/70b76f6e/lesson_8455.png", "uuid": "70b76f6e-e468-4bc5-991e-f4f19d11b298", "is_correct": true, "lesson_type": "outside", "media": "", "created_at": "2015-10-16T01:56:12.248Z", "description": "<b>You are an international student and have borrowed a book from the local public library. You left the book on a bus and when you contacted the bus company, they could not find it</b>.&nbsp;<p>Write a letter to the librarian. In your letter</p><p><ul><li><span style=\"line-height: 1.45em; background-color: initial;\">explain the situation and&nbsp;</span></li><li><span style=\"line-height: 1.45em; background-color: initial;\">ask what you should do.&nbsp;</span><br></li></ul></p><p>You should write at least 150 words.\r\n</p>\r\n", "is_active": true, "updated_at": "2015-10-20T08:01:09.990Z", "created_by": 10, "number": 0, "course": 1, "path_content": "1", "timer": 1200, "full_lesson_type": 2, "is_public": false, "tag": [], "teacher": [10], "name": "IELTS letters (21)"}, "model": "quizy.lesson", "pk": 103}, {"fields": {"code_errors": "{}", "picture": "lessons/fad45a71/lesson_3004.png", "uuid": "fad45a71-1692-4809-af2a-431c0781284b", "is_correct": true, "lesson_type": "outside", "media": "", "created_at": "2015-10-16T01:57:15.259Z", "description": "<b>You have just rented an unfurnished flat and a friend has told you that the Opportunity Shop in the shopping center has cheap second-hand furniture.</b>&nbsp;<p>Write to the shop owner. In your letter</p><p><ul><li><span style=\"line-height: 1.45em; background-color: initial;\">describe what you need&nbsp;</span></li><li><span style=\"line-height: 1.45em; background-color: initial;\">ask whether they have these items&nbsp;</span></li><li><span style=\"line-height: 1.45em; background-color: initial;\">ask about the cost of the items.&nbsp;</span><br></li></ul></p><p>You should write at least 150 words.\r\n</p>\r\n", "is_active": true, "updated_at": "2015-10-20T08:00:35.438Z", "created_by": 10, "number": 0, "course": 1, "path_content": "1", "timer": 1200, "full_lesson_type": 2, "is_public": false, "tag": [], "teacher": [10], "name": "IELTS letters (22)"}, "model": "quizy.lesson", "pk": 104}, {"fields": {"code_errors": "{}", "picture": "lessons/5ea37f8e/lesson_9558.png", "uuid": "5ea37f8e-2cbb-4410-8526-39b056eec9d8", "is_correct": true, "lesson_type": "outside", "media": "", "created_at": "2015-10-16T01:58:46.036Z", "description": "<b>Someone you know has asked you to babysit on Saturday and wants to know how much you charge per hour for this. Unfortunately, you already have a commitment this weekend and cannot help. However, you free the following weekend.&nbsp;</b><p>Reply to your acquaintance. In your letter</p><p><ul><li><span style=\"line-height: 1.45em; background-color: initial;\">explain that you are not able to help this time, but could help later.&nbsp;</span></li><li><span style=\"line-height: 1.45em; background-color: initial;\">provide the fee details for your service.&nbsp;</span><br></li></ul></p><p>You should write at least 150 words.\r\n</p>\r\n", "is_active": true, "updated_at": "2015-10-20T07:59:46.631Z", "created_by": 10, "number": 0, "course": 1, "path_content": "1", "timer": 1200, "full_lesson_type": 2, "is_public": false, "tag": [], "teacher": [10], "name": "IELTS letters (23)"}, "model": "quizy.lesson", "pk": 105}, {"fields": {"code_errors": "{}", "picture": "lessons/44147287/lesson_5651.png", "uuid": "44147287-e743-4a49-a37f-6bec726ddc2f", "is_correct": true, "lesson_type": "outside", "media": "", "created_at": "2015-10-16T01:59:38.282Z", "description": "<b>You recently visited a place that had a strong impact on you.&nbsp;</b><p>\r\nWrite a letter to a friend about the place. In your letter&nbsp;</p><p><ul><li><span style=\"line-height: 1.45em; background-color: initial;\">explain where the place was and how you got there</span></li><li><span style=\"line-height: 1.45em; background-color: initial;\">&nbsp;describe what you saw</span></li><li><span style=\"line-height: 1.45em; background-color: initial;\">offer to take your friend there.&nbsp;</span><br></li></ul></p><p>You should write at least 150 words.\r\n</p>\r\n", "is_active": true, "updated_at": "2015-10-20T07:58:38.005Z", "created_by": 10, "number": 0, "course": 1, "path_content": "1", "timer": 1200, "full_lesson_type": 2, "is_public": false, "tag": [], "teacher": [10], "name": "IELTS letters (24)"}, "model": "quizy.lesson", "pk": 106}, {"fields": {"code_errors": "{}", "picture": "lessons/ae28df5e/lesson_8312.png", "uuid": "ae28df5e-a1d2-4807-b6ad-7113d2db55b6", "is_correct": true, "lesson_type": "outside", "media": "", "created_at": "2015-10-16T02:00:29.106Z", "description": "<b>You have recently heard that a friend of yours has had some problems as a result of some unusual weather.&nbsp;</b><p>\r\nWrite a letter to your friend. In your letter&nbsp;</p><p><ul><li><span style=\"line-height: 1.45em; background-color: initial;\">express concern&nbsp;</span></li><li><span style=\"line-height: 1.45em; background-color: initial;\">tell them about a similar experience that you once had</span></li><li><span style=\"line-height: 1.45em; background-color: initial;\">give some advice or offer help.&nbsp;</span><br></li></ul></p><p>You should write at least 150 words.\r\n</p>\r\n", "is_active": true, "updated_at": "2015-10-20T07:58:14.083Z", "created_by": 10, "number": 0, "course": 1, "path_content": "1", "timer": 1200, "full_lesson_type": 2, "is_public": false, "tag": [], "teacher": [10], "name": "IELTS letters (25)"}, "model": "quizy.lesson", "pk": 107}, {"fields": {"code_errors": "{}", "picture": "lessons/15e3012a/lesson_4225.png", "uuid": "15e3012a-98ea-4516-a1d2-acb3a6469c98", "is_correct": true, "lesson_type": "outside", "media": "", "created_at": "2015-10-20T07:45:44.519Z", "description": "<p><p><b>Some people\r\nprefer to plan activities for their free time very carefully. Others choose not\r\nto make any plans at all for their free time.</b>&nbsp;</p><p>Compare the benefits of planning\r\nfree-time with the benefits of not making plans.<br>\r\nWhich do you prefer - planning\r\nor not planning for your leisure time?<br>\r\nUse specific reasons and\r\nexamples to explain your choice.</p><p>You should write at least 250 words.&nbsp;</p><br></p>", "is_active": true, "updated_at": "2015-10-20T07:45:44.519Z", "created_by": 10, "number": 0, "course": 1, "path_content": "1", "timer": 2400, "full_lesson_type": 2, "is_public": false, "tag": [], "teacher": [10], "name": "IELTS essay  general- 26"}, "model": "quizy.lesson", "pk": 108}, {"fields": {"code_errors": "{}", "picture": "lessons/dad209b4/lesson_6952.png", "uuid": "dad209b4-f87b-4466-8681-5f50d97e5301", "is_correct": true, "lesson_type": "outside", "media": "", "created_at": "2015-10-20T07:51:00.019Z", "description": "<p></p><p><b>You have eaten at a\r\nrestaurant and it was a terrible experience.</b>&nbsp;</p><p>Write a letter to the manager.&nbsp;<span style=\"line-height: 1.45em; background-color: initial;\">In your letter</span></p><p><ul><li><span style=\"line-height: 1.45em; background-color: initial;\">describe what happened and&nbsp;</span></li><li><span style=\"line-height: 1.45em; background-color: initial;\">outline what you'd like the restaurant to do.&nbsp;</span><br></li></ul></p><p>You should write at least 150 words.&nbsp;</p><p><br></p><br><p></p>\r\n", "is_active": true, "updated_at": "2015-10-20T07:57:44.687Z", "created_by": 10, "number": 0, "course": 1, "path_content": "1", "timer": 1200, "full_lesson_type": 2, "is_public": false, "tag": [], "teacher": [10], "name": "IELTS letters (26)"}, "model": "quizy.lesson", "pk": 109}, {"fields": {"code_errors": "{}", "picture": "", "uuid": "4ceb1b96-950d-4fd4-9154-936055772f12", "is_correct": true, "lesson_type": "outside", "media": "", "created_at": "2015-10-20T07:55:43.695Z", "description": "<p>Your neighbours have recently written to you to complain about the noise from your house/flat.&nbsp;</p><p>Write a letter to your neighbours. In your letter&nbsp;</p><blockquote style=\"margin: 0 0 0 40px; border: none; padding: 0px;\"><p><ul><li><span style=\"line-height: 1.45em; background-color: initial; font-style: normal;\">explain the reasons for the noise</span><br></li><li><span style=\"line-height: 1.45em; background-color: initial; font-style: normal;\">apologise</span></li><li><span style=\"line-height: 1.45em; background-color: initial; font-style: normal;\">describe what actions you will take.&nbsp;</span></li></ul><span style=\"font-style: normal; line-height: 1.45em; background-color: initial;\">You should write at least 150 words.&nbsp;</span><br></p></blockquote>", "is_active": true, "updated_at": "2015-10-20T07:55:43.695Z", "created_by": 10, "number": 0, "course": 1, "path_content": "1", "timer": 1200, "full_lesson_type": 2, "is_public": false, "tag": [], "teacher": [10], "name": "IELTS letters (27)"}, "model": "quizy.lesson", "pk": 110}, {"fields": {"code_errors": "{}", "picture": "lessons/2a988e48/lesson_262.png", "uuid": "2a988e48-0f22-44d2-b159-3ee4af84bab7", "is_correct": true, "lesson_type": "outside", "media": "", "created_at": "2015-10-20T08:17:43.176Z", "description": "<p><p><b>Some people\r\nsay that advertising encourages us to buy things we really do not need. Others\r\nsay that advertisements tell us about new products that may improve our lives.\r\n</b>Which viewpoint do you agree with?<br>\r\nUse specific reasons and\r\nexamples to support your answer.</p>\r\n\r\n<p></p>You should write at least 250 words.&nbsp;</p>", "is_active": true, "updated_at": "2015-10-20T08:17:43.176Z", "created_by": 10, "number": 0, "course": 1, "path_content": "1", "timer": 2400, "full_lesson_type": 2, "is_public": false, "tag": [], "teacher": [10], "name": "IELTS essay general- 27"}, "model": "quizy.lesson", "pk": 111}, {"fields": {"code_errors": "{}", "picture": "lessons/0ca6a7df/lesson_9460.png", "uuid": "0ca6a7df-f9d2-41cf-b44b-34fc848df62b", "is_correct": true, "lesson_type": "outside", "media": "", "created_at": "2015-10-20T08:21:37.975Z", "description": "<p><b>Write a letter to a friend who has invited you to stay with them in their country.&nbsp;</b></p><p>In your letter</p><p><ul><li><span style=\"line-height: 1.45em; background-color: initial;\">thank your friend for their invitation&nbsp;</span><br></li><li><span style=\"line-height: 1.45em; background-color: initial;\">say when you are likely to visit&nbsp;</span><br></li><li><span style=\"line-height: 1.45em; background-color: initial;\">say what you would like to do during the visit&nbsp;</span><br></li></ul></p><p>Write at least 150 words.&nbsp;</p>", "is_active": true, "updated_at": "2015-10-20T08:21:37.975Z", "created_by": 10, "number": 0, "course": 1, "path_content": "1", "timer": 1200, "full_lesson_type": 2, "is_public": false, "tag": [], "teacher": [10], "name": "IELTS letters (28)"}, "model": "quizy.lesson", "pk": 112}, {"fields": {"code_errors": "{}", "picture": "lessons/48914a8b/lesson_7337.png", "uuid": "48914a8b-cf92-4cb9-a71b-20a2fefd2172", "is_correct": true, "lesson_type": "outside", "media": "", "created_at": "2015-10-20T08:23:16.036Z", "description": "<p><p><b>Some people\r\nbelieve that the best way of learning about life is by listening to the advice\r\nof family and friends. Other people believe that the best way of learning about\r\nlife is through personal experience.</b>&nbsp;</p><p>Compare the advantages of these two\r\ndifferent ways of learning about life. Which do you think is preferable?<br>\r\nUse specific examples to\r\nsupport your preference.</p>You should write at least 250 words.&nbsp;</p>", "is_active": true, "updated_at": "2015-10-20T08:23:16.036Z", "created_by": 10, "number": 0, "course": 1, "path_content": "1", "timer": 2400, "full_lesson_type": 2, "is_public": false, "tag": [], "teacher": [10], "name": "IELTS essay  general- 28"}, "model": "quizy.lesson", "pk": 113}, {"fields": {"code_errors": "{}", "picture": "lessons/a7d1c84e/lesson_9614.png", "uuid": "a7d1c84e-8493-49c4-a472-8258235711fa", "is_correct": true, "lesson_type": "outside", "media": "", "created_at": "2015-10-20T08:35:13.894Z", "description": "<p><b>You plan to visit a town where you grew up.&nbsp;</b></p><p>Write a letter to your school friend. In your letter</p><p><ul><li>say when you plan to visit and how long you plan to stay for</li><li>invite them to meet</li><li>ask for advice on where you can meet&nbsp;</li></ul>You should write 150 words.&nbsp;</p><p><br></p>", "is_active": true, "updated_at": "2015-10-20T08:35:13.894Z", "created_by": 10, "number": 0, "course": 1, "path_content": "1", "timer": 1200, "full_lesson_type": 2, "is_public": false, "tag": [], "teacher": [10], "name": "IELTS letters (29)"}, "model": "quizy.lesson", "pk": 114}, {"fields": {"code_errors": "{}", "picture": "lessons/8bc2a89b/lesson_1165.png", "uuid": "8bc2a89b-fe64-4f24-96a7-946ebf77c154", "is_correct": true, "lesson_type": "outside", "media": "", "created_at": "2015-10-20T08:37:24.594Z", "description": "<p><p></p>\r\n\r\n<p><b>People should read only those books\r\nthat are about real events, real people, and established facts.&nbsp;</b></p><p>To what extent do you agree/disagree with this statement.&nbsp;</p><p>Use specific reasons and details to support your\r\nopinion.</p>You should write at least 250 words.&nbsp;</p>", "is_active": true, "updated_at": "2015-10-20T08:37:24.594Z", "created_by": 10, "number": 0, "course": 1, "path_content": "1", "timer": 2400, "full_lesson_type": 2, "is_public": false, "tag": [], "teacher": [10], "name": "IELTS essay  general- 29"}, "model": "quizy.lesson", "pk": 115}, {"fields": {"code_errors": "{}", "picture": "lessons/e1a8d2ee/lesson_4474.png", "uuid": "e1a8d2ee-3b05-4870-9547-4d0fa747a231", "is_correct": true, "lesson_type": "outside", "media": "", "created_at": "2015-10-20T08:41:24.453Z", "description": "<p><b>One of your colleagues is about to retire.&nbsp;</b></p><p>Write a letter to your colleagues. In your letter:&nbsp;</p><p><ul><li><span style=\"line-height: 1.45em; background-color: initial;\">suggest organizing a party for your colleague</span><br></li><li><span style=\"line-height: 1.45em; background-color: initial;\">discuss some dates/venues&nbsp;</span><br></li><li><span style=\"line-height: 1.45em; background-color: initial;\">ask about a present for the colleague &nbsp;</span><br></li></ul>You should write at least 150 words.&nbsp;</p>", "is_active": true, "updated_at": "2015-10-20T08:41:24.453Z", "created_by": 10, "number": 0, "course": 1, "path_content": "1", "timer": 1200, "full_lesson_type": 2, "is_public": false, "tag": [], "teacher": [10], "name": "IELTS letters (30)"}, "model": "quizy.lesson", "pk": 116}, {"fields": {"code_errors": "{}", "picture": "lessons/0d718f3c/lesson_5543.png", "uuid": "0d718f3c-825f-4241-b24f-b6ea355e9cdb", "is_correct": true, "lesson_type": "outside", "media": "", "created_at": "2015-10-20T08:44:11.476Z", "description": "<p><b>More and more people use credit cards instead of cash. Is it a positive or a negative process?&nbsp;</b></p><p>Discuss and provide reasons and examples to support your answers.&nbsp;</p><p>You should write at least 250 words.&nbsp;</p>", "is_active": true, "updated_at": "2015-10-20T08:44:11.476Z", "created_by": 10, "number": 0, "course": 1, "path_content": "1", "timer": 2400, "full_lesson_type": 2, "is_public": false, "tag": [], "teacher": [10], "name": "IELTS essay  general- 30"}, "model": "quizy.lesson", "pk": 117}, {"fields": {"code_errors": "{}", "picture": "lessons/32f86ced/lesson_9220.png", "uuid": "32f86ced-f132-4df2-ba11-9f54c63ce1be", "is_correct": true, "lesson_type": "outside", "media": "", "created_at": "2015-10-20T08:47:51.562Z", "description": "<p>You've been invited to a wedding, however you can't attend.&nbsp;</p><p>Write a letter to the couple. In your letter</p><p><ul><li><span style=\"line-height: 1.45em; background-color: initial;\">thank them for the invitation</span><br></li><li><span style=\"line-height: 1.45em; background-color: initial;\">explain why you can't attend</span><br></li><li><span style=\"line-height: 1.45em; background-color: initial;\">suggest meeting before or after the wedding to congratulate the couple</span><br></li></ul></p><p>&nbsp;You should write at least 150 words.&nbsp;</p>", "is_active": true, "updated_at": "2015-10-20T08:47:51.563Z", "created_by": 10, "number": 0, "course": 1, "path_content": "1", "timer": 1200, "full_lesson_type": 2, "is_public": false, "tag": [], "teacher": [10], "name": "IELTS letters (31)"}, "model": "quizy.lesson", "pk": 118}, {"fields": {"code_errors": "{}", "picture": "lessons/e129c31b/lesson_994.png", "uuid": "e129c31b-a484-4957-b986-bceca4652cd8", "is_correct": true, "lesson_type": "outside", "media": "", "created_at": "2015-10-20T08:51:21.606Z", "description": "<p><b>It is a common knowledge that a healthy lifestyle is beneficial for people. Why is it that many people do not lead a healthy lifestyle? </b>Discuss and provide reasons and examples to support your answer.&nbsp;</p><p>You should write at least 250 words.&nbsp;</p>", "is_active": true, "updated_at": "2015-10-20T08:51:21.606Z", "created_by": 10, "number": 0, "course": 1, "path_content": "1", "timer": 2400, "full_lesson_type": 2, "is_public": false, "tag": [], "teacher": [10], "name": "IELTS essay  general- 31"}, "model": "quizy.lesson", "pk": 119}, {"fields": {"code_errors": "{}", "picture": "lessons/39515abb/lesson_9841.png", "uuid": "39515abb-461f-4cd8-a3eb-97e491eb838e", "is_correct": true, "lesson_type": "outside", "media": "", "created_at": "2015-10-20T08:57:23.371Z", "description": "<p><b>You faced a problem while staying in a hotel. The receptionist from the hotel assisted you.</b></p><p>Write a letter to the hotel manger. In your letter</p><p><ul><li><span style=\"line-height: 1.45em; background-color: initial;\">explain what the problem was</span><br></li><li><span style=\"line-height: 1.45em; background-color: initial;\">thank the receptionist</span><br></li><li><span style=\"line-height: 1.45em; background-color: initial;\">suggest ways to avoid the problem in the future</span><br></li></ul></p><p>You should write at least 150 words.&nbsp;</p><p><br></p>", "is_active": true, "updated_at": "2015-10-22T17:33:07.658Z", "created_by": 10, "number": 0, "course": 1, "path_content": "1", "timer": 1200, "full_lesson_type": 2, "is_public": true, "tag": [], "teacher": [10], "name": "IELTS letters (32)"}, "model": "quizy.lesson", "pk": 120}, {"fields": {"code_errors": "{}", "picture": "lessons/13496ff0/lesson_6263.png", "uuid": "13496ff0-f59b-45f0-82ae-9ce842a2da29", "is_correct": true, "lesson_type": "outside", "media": "", "created_at": "2015-10-20T09:00:12.228Z", "description": "<p><b>Nowadays many people take work home.&nbsp;</b></p><p>Discuss advantages and disadvantages of working from home. Express your opinion whether it is good to work from home. Use reasons and examples to support your answer.&nbsp;</p><p>You should write at least 250 words.&nbsp;</p>", "is_active": true, "updated_at": "2015-10-22T17:33:00.582Z", "created_by": 10, "number": 0, "course": 1, "path_content": "1", "timer": 2400, "full_lesson_type": 2, "is_public": true, "tag": [], "teacher": [10], "name": "IELTS essay  general- 32"}, "model": "quizy.lesson", "pk": 121}, {"fields": {"code_errors": "{}", "picture": "lessons/a763a9df/lesson_7923.png", "uuid": "a763a9df-e362-440e-81ee-62e67263effb", "is_correct": true, "lesson_type": "outside", "media": "", "created_at": "2015-10-20T09:03:55.026Z", "description": "<p>You plan to apply for a job and need to find a referee. Write a letter to your teacher. In your letter</p><p><ul><li><span style=\"line-height: 1.45em; background-color: initial;\">provide the details of the job that you are applying for</span></li><li><span style=\"line-height: 1.45em; background-color: initial;\">explain why you are interested in this job</span><br></li><li><span style=\"line-height: 1.45em; background-color: initial;\">ask if you could list your teacher as a referee</span><br></li></ul></p><p>You should write at least 150 words.&nbsp;</p><p><br></p>", "is_active": true, "updated_at": "2015-10-22T17:32:54.193Z", "created_by": 10, "number": 0, "course": 1, "path_content": "1", "timer": 1200, "full_lesson_type": 2, "is_public": true, "tag": [], "teacher": [10], "name": "IELTS letters (33)"}, "model": "quizy.lesson", "pk": 122}, {"fields": {"code_errors": "{}", "picture": "lessons/f30787fe/lesson_6097.png", "uuid": "f30787fe-83e4-4f27-9017-2f3e738e432a", "is_correct": true, "lesson_type": "outside", "media": "", "created_at": "2015-10-20T09:06:26.094Z", "description": "<p><b>Some people believe that all university students need to study basic science. Others feel that it is not necessary. </b>Discuss and give your opinion. Use reasons and examples to support your answer.&nbsp;</p><p>You should write at least 250 words.&nbsp;</p>", "is_active": true, "updated_at": "2015-10-22T17:32:48.385Z", "created_by": 10, "number": 0, "course": 1, "path_content": "1", "timer": 2400, "full_lesson_type": 2, "is_public": true, "tag": [], "teacher": [10], "name": "IELTS essay  general- 33"}, "model": "quizy.lesson", "pk": 123}, {"fields": {"code_errors": "{}", "picture": "lessons/ad4b5b60/lesson_1551.png", "uuid": "ad4b5b60-083c-4c40-ac7b-305ce87515b7", "is_correct": true, "lesson_type": "outside", "media": "", "created_at": "2015-10-20T09:11:15.391Z", "description": "<p><b>Your friend would like to come and stay with you. You are unable to host him/her.</b>&nbsp;</p><p><br>Write a letter to your friend. In your letter</p><p><ul><li><span style=\"line-height: 1.45em; background-color: initial;\">explain why you can't host them</span><br></li><li><span style=\"line-height: 1.45em; background-color: initial;\">apologize</span><br></li><li><span style=\"line-height: 1.45em; background-color: initial;\">suggest another alternative</span><br></li></ul></p><p>You should write at least 150 words.&nbsp;</p>", "is_active": true, "updated_at": "2015-10-23T18:01:55.009Z", "created_by": 10, "number": 0, "course": 1, "path_content": "1", "timer": 1200, "full_lesson_type": 2, "is_public": true, "tag": [2], "teacher": [10], "name": "IELTS letters (34)"}, "model": "quizy.lesson", "pk": 124}, {"fields": {"code_errors": "{}", "picture": "lessons/1f01c1fb/lesson_2130.png", "uuid": "1f01c1fb-e38e-4701-b5a7-3c4d42b7d4f1", "is_correct": true, "lesson_type": "outside", "media": "", "created_at": "2015-10-20T09:13:38.730Z", "description": "<p><b>Some people believe that all workers in a company should be able to participate in decision-making. Others feel that managers should make the decisions.&nbsp;</b></p><p>Discuss and express your opinion. Give reasons and examples to support your answer.&nbsp;</p><p>You should write at least 250 words.&nbsp;</p>", "is_active": true, "updated_at": "2015-10-23T18:01:48.696Z", "created_by": 10, "number": 0, "course": 1, "path_content": "1", "timer": 2400, "full_lesson_type": 2, "is_public": true, "tag": [2], "teacher": [10], "name": "IELTS essay  general- 34"}, "model": "quizy.lesson", "pk": 125}, {"fields": {"code_errors": "{}", "picture": "lessons/4cd09e04/lesson_9163.png", "uuid": "4cd09e04-e8db-4297-8ded-481d9424b079", "is_correct": true, "lesson_type": "outside", "media": "", "created_at": "2015-10-20T09:17:10.229Z", "description": "<p><b>You have recently had some renovation work in your house. You are not satisfied with the quality of the work.</b></p><p>Write a letter to the builder. In your letter:</p><p><ul><li><span style=\"line-height: 1.45em; background-color: initial;\">describe what the problem is</span><br></li><li><span style=\"line-height: 1.45em; background-color: initial;\">explain what you would like the builder to do.</span><br></li></ul></p><p>You should write at least 150 words.&nbsp;</p><p><br></p>", "is_active": true, "updated_at": "2015-10-23T18:01:42.039Z", "created_by": 10, "number": 0, "course": 1, "path_content": "1", "timer": 1200, "full_lesson_type": 2, "is_public": true, "tag": [2], "teacher": [10], "name": "IELTS letters (35)"}, "model": "quizy.lesson", "pk": 126}, {"fields": {"code_errors": "{}", "picture": "lessons/1b10149b/lesson_2322.png", "uuid": "1b10149b-5e5b-4b51-afe5-e63c36c09e33", "is_correct": true, "lesson_type": "outside", "media": "", "created_at": "2015-10-20T09:19:27.344Z", "description": "<p><b>More and more people nowadays move cities and even countries for work. Some people believe that it is a good thing. Others think that it is a negative thing.&nbsp;</b></p><p>Discuss and provide your opinion. Use reasons and examples to support your answer.&nbsp;</p><p>You should write at least 250 words.&nbsp;</p>", "is_active": true, "updated_at": "2015-10-23T18:01:36.349Z", "created_by": 10, "number": 0, "course": 1, "path_content": "1", "timer": 2400, "full_lesson_type": 2, "is_public": true, "tag": [2], "teacher": [10], "name": "IELTS essay  general- 35"}, "model": "quizy.lesson", "pk": 127}, {"fields": {"code_errors": "{}", "picture": "lessons/1d4a4067/lesson_8562.png", "uuid": "1d4a4067-8e2d-4e5b-a9e2-102edf2a3c96", "is_correct": true, "lesson_type": "outside", "media": "", "created_at": "2015-10-20T22:43:01.291Z", "description": "<p><b>A friend you met on holidays last year is planning to visit your city.&nbsp;</b></p><p>Write a letter. In your letter</p><p><ul><li><span style=\"line-height: 1.45em; background-color: initial;\">suggest the best time to visit your city</span><br></li><li><span style=\"line-height: 1.45em; background-color: initial;\">suggest some activities&nbsp;</span><br></li><li><span style=\"line-height: 1.45em; background-color: initial;\">offer to meet and show him/her around</span><br></li></ul></p><p>You should write at least 150 words.&nbsp;</p>", "is_active": true, "updated_at": "2015-10-23T18:01:27.481Z", "created_by": 10, "number": 0, "course": 1, "path_content": "1", "timer": 1200, "full_lesson_type": 2, "is_public": true, "tag": [2], "teacher": [10], "name": "IELTS letters (36)"}, "model": "quizy.lesson", "pk": 128}, {"fields": {"code_errors": "{}", "picture": "lessons/87d5ac36/lesson_3970.png", "uuid": "87d5ac36-aadc-4865-bff7-ecce0dd53c00", "is_correct": true, "lesson_type": "outside", "media": "", "created_at": "2015-10-20T22:44:55.385Z", "description": "<p><b>Some people believe that salary is the most important factor in a job. Others feel that a good team can compensate for a lower salary.&nbsp;</b></p><p>Discuss both opinions and express your opinion. Use reasons and examples to support your answer.&nbsp;</p><p>You should write at least 250 words.&nbsp;</p>", "is_active": true, "updated_at": "2015-10-23T18:01:20.221Z", "created_by": 10, "number": 0, "course": 1, "path_content": "1", "timer": 2400, "full_lesson_type": 2, "is_public": true, "tag": [2], "teacher": [10], "name": "IELTS essay  general- 36"}, "model": "quizy.lesson", "pk": 129}, {"fields": {"code_errors": "{}", "picture": "lessons/5ddf685b/lesson_7238.png", "uuid": "5ddf685b-77f0-4d0d-a85c-fcf661c7907a", "is_correct": true, "lesson_type": "outside", "media": "", "created_at": "2015-10-20T22:51:13.547Z", "description": "<p><b>You are applying for a job. Write a cover letter to your potential employer.</b></p><p>In your letter highlight</p><p><ul><li><span style=\"line-height: 1.45em; background-color: initial;\">your experience and qualifications&nbsp;</span><br></li><li><span style=\"line-height: 1.45em; background-color: initial;\">why you believe you are a good candidate for this position.</span><br></li></ul></p><p>You should write at least 150 words.&nbsp;</p>", "is_active": true, "updated_at": "2015-10-23T18:01:13.553Z", "created_by": 10, "number": 0, "course": 1, "path_content": "1", "timer": 1200, "full_lesson_type": 2, "is_public": true, "tag": [2], "teacher": [10], "name": "IELTS letters (37)"}, "model": "quizy.lesson", "pk": 130}, {"fields": {"code_errors": "{}", "picture": "lessons/5c2a4091/lesson_6809.png", "uuid": "5c2a4091-9874-489b-af51-753516dd8fc1", "is_correct": true, "lesson_type": "outside", "media": "", "created_at": "2015-10-20T22:55:38.700Z", "description": "<p><b>Many people are concerned that the majority of population are not exercising enough. Why do you think it is and what could be done to encourage people to exercise more.</b>&nbsp;</p><p>Give reasons and examples to support your answer.</p><p>You should write at least 250 words.&nbsp;</p>", "is_active": true, "updated_at": "2015-10-23T18:00:57.644Z", "created_by": 10, "number": 0, "course": 1, "path_content": "1", "timer": 2400, "full_lesson_type": 2, "is_public": true, "tag": [2], "teacher": [10], "name": "IELTS essay  general- 37"}, "model": "quizy.lesson", "pk": 131}, {"fields": {"code_errors": "{}", "picture": "lessons/7fb8d0ed/lesson_8646.png", "uuid": "7fb8d0ed-0119-416d-a5d4-2bf1dcaa4a3a", "is_correct": true, "lesson_type": "outside", "media": "", "created_at": "2015-10-21T00:48:24.878Z", "description": "<p><b>You have received presents and get-well cards from your colleagues.&nbsp;</b></p><p>Write a letter to your colleagues. In your letter:</p><p><ul><li><span style=\"line-height: 1.45em; background-color: initial;\">thank them for the presents</span><br></li><li><span style=\"line-height: 1.45em; background-color: initial;\">describe how you have used the presents&nbsp;</span><br></li></ul></p><p>You should write at least 150 words.&nbsp;</p><p>&nbsp;</p>", "is_active": true, "updated_at": "2015-10-23T18:00:51.383Z", "created_by": 10, "number": 0, "course": 1, "path_content": "1", "timer": 1200, "full_lesson_type": 2, "is_public": true, "tag": [2], "teacher": [10], "name": "IELTS letters (38)"}, "model": "quizy.lesson", "pk": 132}, {"fields": {"code_errors": "{}", "picture": "lessons/32a16f74/lesson_3170.png", "uuid": "32a16f74-493f-4ca0-bbc8-78981eaf1f05", "is_correct": true, "lesson_type": "outside", "media": "", "created_at": "2015-10-21T00:50:39.715Z", "description": "<p><b>Cycling is good for the environment and health. Governments should encourage more people to use bicycles and tax car users.&nbsp;</b></p><p>To what extent do you agree/disagree with this statement. Use reasons and examples to support your answer.&nbsp;</p><p>You should write at least 250 words.&nbsp;</p>", "is_active": true, "updated_at": "2015-10-23T15:33:05.788Z", "created_by": 10, "number": 0, "course": 1, "path_content": "1", "timer": 2400, "full_lesson_type": 2, "is_public": true, "tag": [1], "teacher": [10], "name": "IELTS essay  general- 38"}, "model": "quizy.lesson", "pk": 133}, {"fields": {"code_errors": "{}", "picture": "lessons/e570efaa/lesson_2889.png", "uuid": "e570efaa-f119-4fb5-8933-c6fcfc50d400", "is_correct": true, "lesson_type": "outside", "media": "", "created_at": "2015-10-21T00:55:36.675Z", "description": "<p><b>The area where you live has a traffic problem. Write a letter to your local council.&nbsp;</b></p><p>In your letter</p><p><ul><li><span style=\"line-height: 1.45em; background-color: initial;\">describe what the problem is</span><br></li><li><span style=\"line-height: 1.45em; background-color: initial;\">explain how it affects people</span><br></li><li><span style=\"line-height: 1.45em; background-color: initial;\">say what you would like the council to do</span><br></li></ul></p><p>You should write at least 150 words.&nbsp;</p>", "is_active": true, "updated_at": "2015-10-23T15:33:00.315Z", "created_by": 10, "number": 0, "course": 1, "path_content": "1", "timer": 1200, "full_lesson_type": 2, "is_public": true, "tag": [1], "teacher": [10], "name": "IELTS letters (39)"}, "model": "quizy.lesson", "pk": 134}, {"fields": {"code_errors": "{}", "picture": "lessons/8ce47bbc/lesson_7599.png", "uuid": "8ce47bbc-8159-4657-824e-4cc45d5e16f8", "is_correct": true, "lesson_type": "outside", "media": "", "created_at": "2015-10-21T00:57:57.003Z", "description": "<p><b>Advertising is widespread and common. Why do you think advertising is effective? Is advertising a normal part of society or is it bad for the society?&nbsp;</b></p><p>Give reasons and examples to support your answer.&nbsp;</p><p>You should write at least 250 words.&nbsp;</p>", "is_active": true, "updated_at": "2015-10-23T15:32:54.502Z", "created_by": 10, "number": 0, "course": 1, "path_content": "1", "timer": 2400, "full_lesson_type": 2, "is_public": true, "tag": [2], "teacher": [10], "name": "IELTS essay  general- 39 "}, "model": "quizy.lesson", "pk": 135}, {"fields": {"code_errors": "{}", "picture": "lessons/3c58cf59/lesson_5405.png", "uuid": "3c58cf59-18dd-4d9e-975e-dfc019f9b9e6", "is_correct": true, "lesson_type": "outside", "media": "", "created_at": "2015-10-21T01:04:06.829Z", "description": "<p><b>You are planning to organize a party.&nbsp;</b></p><p>Write a letter to your friend.&nbsp;<span style=\"line-height: 1.45em; background-color: initial;\">In your letter</span></p><p><ul><li><span style=\"line-height: 1.45em; background-color: initial;\">tell your friend about the party</span><br></li><li><span style=\"line-height: 1.45em; background-color: initial;\">invite them to attend</span><br></li><li><span style=\"line-height: 1.45em; background-color: initial;\">provide the details of the party</span><br></li></ul></p><p>You should write at least 150 words.&nbsp;</p>", "is_active": true, "updated_at": "2015-10-23T15:32:44.508Z", "created_by": 10, "number": 0, "course": 1, "path_content": "1", "timer": 1200, "full_lesson_type": 2, "is_public": true, "tag": [2], "teacher": [10], "name": "IELTS letters (40)"}, "model": "quizy.lesson", "pk": 136}, {"fields": {"code_errors": "{}", "picture": "lessons/6cf3147f/lesson_731.png", "uuid": "6cf3147f-3f9a-46ba-956c-e268929571fc", "is_correct": true, "lesson_type": "outside", "media": "", "created_at": "2015-10-21T01:06:26.407Z", "description": "<p><b>Tourism sometimes has a negative effect on the local places. Why do you think it happens and what could be done to prevent these negative effects?&nbsp;</b></p><p>Use reasons and examples to support your answer.&nbsp;</p><p>You should write at least 250 words.&nbsp;</p>", "is_active": true, "updated_at": "2015-10-22T20:35:45.114Z", "created_by": 10, "number": 0, "course": 1, "path_content": "1", "timer": 2400, "full_lesson_type": 2, "is_public": true, "tag": [2], "teacher": [10], "name": "IELTS essay  general- 40"}, "model": "quizy.lesson", "pk": 137}, {"fields": {"name": "Academic IELTS", "slug": "academic_ielts"}, "model": "quizy.tag", "pk": 1}, {"fields": {"name": "General Training IELTS", "slug": "general_ielts"}, "model": "quizy.tag", "pk": 2}, {"fields": {"uuid": "966b8954-8e0a-4283-87a8-8ae1f2c636a2", "number_of_attempt": 0, "created_at": "2015-11-10T18:06:24.364Z", "learner": 14, "updated_at": "2015-12-07T19:56:17.210Z", "created_by": 1, "date_success": null, "required_attention_by_pupil": false, "required_attention_by_teacher": false, "success": true, "lesson": 59, "data": "{\"active\": true, \"steps\": [{\"$$hashKey\": \"object:3702\", \"text\": \"<p>fsdfsdf</p>\\n\", \"number\": 1, \"number_words\": 1, \"mode\": \"finish\", \"type\": \"pupil\"}, {\"$$hashKey\": \"object:321\", \"writed_by\": \"user783@gmail.com\", \"text\": \"<p><span style=\\\"color:#FF0000;\\\">fsdfsdf</span><br />\\n\\u041e\\u0442\\u0437\\u044b\\u0432 \\u044b\\u043b\\u0432\\u043e\\u0430\\u0440\\u043b\\u044b\\u043e\\u0432\\u0440\\u0430 \\u044b\\u043b\\u043e\\u0432\\u0440\\u0430\\u043b\\u044b\\u043e\\u0432 \\u0430\\u043b\\u043e\\u044b\\u0432\\u0440\\u0430\\u043b\\u043e sfkjlskfjlksdfj<br />\\nsflkjsldkfj lfkjsdlkfjsd lkfjsdlkf</p>\\n\", \"number\": 2, \"mode\": \"finish\", \"type\": \"teacher\"}, {\"$$hashKey\": \"object:389\", \"text\": \"<p>11111111</p>\\n\", \"number\": 3, \"number_words\": 1, \"mode\": \"finish\", \"estimate\": {\"coherence_task\": \"8\", \"estimate_task\": \"7\", \"lexical_task\": \"8\", \"grammatical_task\": \"7\"}, \"type\": \"pupil\"}, {\"writed_by\": \"user783@gmail.com\", \"text\": \"<p>11111111 fsdfsdfsd sfdfsdfsd</p>\\n\", \"type\": \"teacher\", \"number\": 4, \"mode\": \"finish\"}], \"mode\": \"wait_pupil\"}", "teachers": [1]}, "model": "quizy.lessonenroll", "pk": 52}, {"fields": {"uuid": "d393d676-3e69-4802-b8c5-654b903f7247", "number_of_attempt": 0, "created_at": "2015-12-07T10:09:27.758Z", "learner": 14, "updated_at": "2015-12-07T10:10:11.975Z", "created_by": 14, "date_success": null, "required_attention_by_pupil": false, "required_attention_by_teacher": false, "success": true, "lesson": 128, "data": "{\"active\": true, \"steps\": [{\"$$hashKey\": \"object:521\", \"text\": \"<p>\\u0422\\u0435\\u0441\\u0442\\u043e\\u0432\\u0430\\u044f \\u0437\\u0430\\u043f\\u0438\\u0441\\u044c&nbsp;\\u0422\\u0435\\u0441\\u0442\\u043e\\u0432\\u0430\\u044f \\u0437\\u0430\\u043f\\u0438\\u0441\\u044c\\u0422\\u0435\\u0441\\u0442\\u043e\\u0432\\u0430\\u044f \\u0437\\u0430\\u043f\\u0438\\u0441\\u044c\\u0422\\u0435\\u0441\\u0442\\u043e\\u0432\\u0430\\u044f \\u0437\\u0430\\u043f\\u0438\\u0441\\u044c\\u0422\\u0435\\u0441\\u0442\\u043e\\u0432\\u0430\\u044f \\u0437\\u0430\\u043f\\u0438\\u0441\\u044c\\u0422\\u0435\\u0441\\u0442\\u043e\\u0432\\u0430\\u044f \\u0437\\u0430\\u043f\\u0438\\u0441\\u044c<br />\\n\\u0422\\u0435\\u0441\\u0442\\u043e\\u0432\\u0430\\u044f \\u0437\\u0430\\u043f\\u0438\\u0441\\u044c\\u0422\\u0435\\u0441\\u0442\\u043e\\u0432\\u0430\\u044f \\u0437\\u0430\\u043f\\u0438\\u0441\\u044c\\u0422\\u0435\\u0441\\u0442\\u043e\\u0432\\u0430\\u044f \\u0437\\u0430\\u043f\\u0438\\u0441\\u044c\\u0422\\u0435\\u0441\\u0442\\u043e\\u0432\\u0430\\u044f \\u0437\\u0430\\u043f\\u0438\\u0441\\u044c\\u0422\\u0435\\u0441\\u0442\\u043e\\u0432\\u0430\\u044f \\u0437\\u0430\\u043f\\u0438\\u0441\\u044c\\u0422\\u0435\\u0441\\u0442\\u043e\\u0432\\u0430\\u044f \\u0437\\u0430\\u043f\\u0438\\u0441\\u044c\\u0422\\u0435\\u0441\\u0442\\u043e\\u0432\\u0430\\u044f \\u0437\\u0430\\u043f\\u0438\\u0441\\u044c<br />\\n\\u0422\\u0435\\u0441\\u0442\\u043e\\u0432\\u0430\\u044f \\u0437\\u0430\\u043f\\u0438\\u0441\\u044c\\u0422\\u0435\\u0441\\u0442\\u043e\\u0432\\u0430\\u044f \\u0437\\u0430\\u043f\\u0438\\u0441\\u044c\\u0422\\u0435\\u0441\\u0442\\u043e\\u0432\\u0430\\u044f \\u0437\\u0430\\u043f\\u0438\\u0441\\u044c\\u0422\\u0435\\u0441\\u0442\\u043e\\u0432\\u0430\\u044f \\u0437\\u0430\\u043f\\u0438\\u0441\\u044c\\u0422\\u0435\\u0441\\u0442\\u043e\\u0432\\u0430\\u044f \\u0437\\u0430\\u043f\\u0438\\u0441\\u044c</p>\\n\\n<p>\\u0422\\u0435\\u0441\\u0442\\u043e\\u0432\\u0430\\u044f \\u0437\\u0430\\u043f\\u0438\\u0441\\u044c\\u0422\\u0435\\u0441\\u0442\\u043e\\u0432\\u0430\\u044f \\u0437\\u0430\\u043f\\u0438\\u0441\\u044c\\u0422\\u0435\\u0441\\u0442\\u043e\\u0432\\u0430\\u044f \\u0437\\u0430\\u043f\\u0438\\u0441\\u044c\\u0422\\u0435\\u0441\\u0442\\u043e\\u0432\\u0430\\u044f \\u0437\\u0430\\u043f\\u0438\\u0441\\u044c\\u0422\\u0435\\u0441\\u0442\\u043e\\u0432\\u0430\\u044f \\u0437\\u0430\\u043f\\u0438\\u0441\\u044c</p>\\n\\n<p>&nbsp;</p>\\n\", \"number\": 1, \"number_words\": 29, \"mode\": \"finish\", \"type\": \"pupil\"}], \"mode\": \"wait_teacher\"}", "teachers": []}, "model": "quizy.lessonenroll", "pk": 53}, {"fields": {"uuid": "d265c518-52e6-4c69-b47d-2d6a696e00f0", "number_of_attempt": 0, "created_at": "2015-12-14T09:03:34.306Z", "learner": 12, "updated_at": "2015-12-14T09:03:34.306Z", "created_by": 10, "date_success": null, "required_attention_by_pupil": null, "required_attention_by_teacher": null, "success": null, "lesson": 72, "data": "{}", "teachers": [10]}, "model": "quizy.lessonenroll", "pk": 54}, {"fields": {"uuid": "5d2b8100-0861-4596-b5f5-8f0f5fdadab4", "number_of_attempt": 0, "created_at": "2015-12-14T13:26:19.512Z", "learner": 11, "updated_at": "2015-12-14T13:26:19.520Z", "created_by": 1, "date_success": null, "required_attention_by_pupil": null, "required_attention_by_teacher": null, "success": null, "lesson": 47, "data": "{\"active\": true, \"steps\": []}", "teachers": [1]}, "model": "quizy.lessonenroll", "pk": 55}, {"fields": {"uuid": "dc943743-c81c-469d-89a3-cc7decf24cbb", "number_of_attempt": 0, "created_at": "2015-12-14T13:27:29.369Z", "learner": 12, "updated_at": "2015-12-14T13:27:29.373Z", "created_by": 1, "date_success": null, "required_attention_by_pupil": null, "required_attention_by_teacher": null, "success": null, "lesson": 61, "data": "{\"active\": true, \"steps\": []}", "teachers": [1]}, "model": "quizy.lessonenroll", "pk": 57}, {"fields": {"code_errors": "{}", "text": "test page 1 lfskdjflksjdlfksd sldkjflsdkjfldskfj", "created_at": "2015-07-06T19:34:28.340Z", "number": 2, "updated_at": "2015-07-15T19:44:02.379Z", "is_correct": true, "media": "", "lesson": 15, "type": "checkbox"}, "model": "quizy.page", "pk": 24}, {"fields": {"code_errors": "{}", "text": "\u0422\u0435\u043a\u0441 \u0432\u043e\u043f\u0440\u043e\u0441\u0430\n\u043e\u0430\u044b\u0434\u0430\u043e\u044b\u0434\u0432\u043b\u043e\u0430\u044b\u0434\u043b\u0432\u043e\u0430\u0434\u043b\u044b\u0432\u0430\u043e \u0430\u043e\u044b\u0432\u043b\u0434\u0430\u043e\u044b\u0434\u043b\u0432\u0430\u043e\u0434\u043b\u044b\u0432\u043e\u0430\u0434\u043b\u044b\u0432\u043e\u0430\u044b\n\u0430\u043b\u044b\u0432\u0436\u0434\u0430\u043b\u044b\u0436\u0432\u0434\u043b\u0430\u0436\u0434\u044b\u0432\n\u044b\u0430\u0432\u0436\u043b\u044b\u0432\u0436\u0434\u0430\u043b\u044b\u0432\u0436\u0434\u043b\u0430\u0436\u044b\u0432\u0434", "created_at": "2015-07-06T20:04:21.300Z", "number": 1, "updated_at": "2015-07-18T21:02:57.711Z", "is_correct": true, "media": "", "lesson": 15, "type": "radiobox"}, "model": "quizy.page", "pk": 25}, {"fields": {"code_errors": "{}", "text": "\u0412\u043e\u043f\u0440\u043e\u0441 \u043d\u0430 \u0441\u0442\u0440\u0430\u043d\u0438\u0446\u0435 1", "created_at": "2015-07-06T20:27:17.415Z", "number": 4, "updated_at": "2015-07-15T19:44:02.395Z", "is_correct": true, "media": "", "lesson": 15, "type": "pairs"}, "model": "quizy.page", "pk": 28}, {"fields": {"code_errors": "{}", "text": "\u0412\u043e\u043f\u0440\u043e\u0441 4 \u044b\u043e\u0430\u043b\u043e\u0430\u043f\u0440\u043b\u043e\u0432\u0430 \u043b\u043e\u043f\u0432\u0430\u043b\u043e\u043f\u0440\u043b\u0432\u0430\u043e\u043f\u0440\u043b\u0432\u0430 \u0432\u0434\u0430\u043b\u043e\u043f\u0432\u043b\u0430\u0440\u043f\u043b\u0432\u043e\u0430\u043f\n\u0434\u0432\u043f\u0430\u043e\u0434\u0432\u043b\u0430\u043e\u043f\u0434\u043b\u0432\u0430 \u0434\u0432\u0430\u043b\u043f\u043e\u0434\u0432\u043b\u0430\u043e\u043f\u0434\u043b\u0432\u0430\u043e", "created_at": "2015-07-08T20:29:02.692Z", "number": 5, "updated_at": "2015-07-15T19:44:02.418Z", "is_correct": true, "media": "", "lesson": 15, "type": "checkbox"}, "model": "quizy.page", "pk": 30}, {"fields": {"code_errors": "{}", "text": "\u0412\u043e\u043f\u0440\u043e\u0441 \u044b\u043b\u043e\u0430\u044b\u0432\u043b\u043e\u0430 \u043b\u043e\u044b\u0432\u0430\u043b\u043e\u044b\u0432\u043b\u043e\u044b", "created_at": "2015-07-15T19:01:37.391Z", "number": 3, "updated_at": "2015-07-15T19:44:02.389Z", "is_correct": true, "media": "", "lesson": 15, "type": "text"}, "model": "quizy.page", "pk": 52}, {"fields": {"code_errors": "{}", "text": "\u0412\u043e\u043f\u0440\u043e\u0441 kjsgks kjdfg kdjfhg kdgjhdfk gjhdf kgjhdf", "created_at": "2015-07-17T20:01:53.179Z", "number": 2, "updated_at": "2015-07-19T12:04:09.624Z", "is_correct": true, "media": "", "lesson": 16, "type": "checkbox"}, "model": "quizy.page", "pk": 53}, {"fields": {"code_errors": "{}", "text": "\u0412\u043e\u043f\u0440\u043e\u0441 kjsdfksdjf fjsdlkfjsdlfjk lfjkdsklfjsdlkfjsd fl fsldjflsdkjflsd lksfdjlksdjfsdlkf lfskjdklfsjd lfksjdflksdjflkjsdlfk flksdjflksjdflkjsd lksdjfldksjflsdkjflkdsjfldskjf sdflsdkfjlskdjflskdjfldsk fsdlkjfsldkjflsdkjfl", "created_at": "2015-07-18T14:29:08.637Z", "number": 1, "updated_at": "2015-07-19T12:04:09.594Z", "is_correct": true, "media": "", "lesson": 16, "type": "pairs"}, "model": "quizy.page", "pk": 56}, {"fields": {"code_errors": "{}", "text": "\u0417\u0430\u043f\u043e\u043b\u043d\u0438\u0442\u0435 \u043f\u0440\u043e\u043f\u0443\u0449\u0435\u043d\u043d\u044b\u0435 \u0441\u043b\u043e\u0432\u0430", "created_at": "2015-07-23T15:37:19.847Z", "number": 1, "updated_at": "2015-07-23T15:37:44.665Z", "is_correct": true, "media": "", "lesson": 31, "type": "words_in_text"}, "model": "quizy.page", "pk": 69}, {"fields": {"code_errors": "{}", "text": "\u0412\u043e\u043f\u0440\u043e\u0441 \u0434\u043b\u044f \u043f\u0440\u043e\u0432\u0435\u0440\u043a\u0438", "created_at": "2015-07-24T12:25:52.753Z", "number": 1, "updated_at": "2015-07-24T13:31:22.121Z", "is_correct": true, "media": "", "lesson": 32, "type": "checkbox"}, "model": "quizy.page", "pk": 70}, {"fields": {"code_errors": "{}", "text": "\u0412\u043e\u043f\u0440\u043e\u0441 \u0434\u043b\u044f \u043f\u0440\u043e\u0432\u0435\u0440\u043a\u0438 \u0440\u0430\u0434\u0438 \u043a\u043d\u043e\u043f\u043a\u0438", "created_at": "2015-07-24T16:15:31.606Z", "number": 2, "updated_at": "2015-07-24T17:42:20.039Z", "is_correct": true, "media": "", "lesson": 32, "type": "radiobox"}, "model": "quizy.page", "pk": 73}, {"fields": {"code_errors": "{}", "number": 1, "text": "111", "created_at": "2015-07-14T15:17:42.797Z", "updated_at": "2015-07-14T15:17:45.981Z", "page": 28, "reflexy": null, "is_correct": true, "right_answer": false, "pair": null, "pair_type": "question"}, "model": "quizy.variant", "pk": 37}, {"fields": {"code_errors": "{}", "number": 1, "text": "222", "created_at": "2015-07-14T15:17:42.940Z", "updated_at": "2015-07-14T15:17:47.701Z", "page": 28, "reflexy": null, "is_correct": true, "right_answer": false, "pair": 37, "pair_type": "answer"}, "model": "quizy.variant", "pk": 38}, {"fields": {"code_errors": "{}", "number": 1, "text": "333", "created_at": "2015-07-14T15:17:47.895Z", "updated_at": "2015-07-14T15:17:50.343Z", "page": 28, "reflexy": null, "is_correct": true, "right_answer": false, "pair": null, "pair_type": "question"}, "model": "quizy.variant", "pk": 39}, {"fields": {"code_errors": "{}", "number": 1, "text": "4444", "created_at": "2015-07-14T15:17:47.916Z", "updated_at": "2015-07-14T15:17:53.550Z", "page": 28, "reflexy": null, "is_correct": true, "right_answer": false, "pair": 39, "pair_type": "answer"}, "model": "quizy.variant", "pk": 40}, {"fields": {"code_errors": "{}", "number": 1, "text": "\u041f\u0435\u0440\u0432\u044b\u0439 \u0432\u0430\u0440\u0438\u0430\u043d\u0442", "created_at": "2015-07-14T20:16:35.926Z", "updated_at": "2015-07-15T17:36:57.093Z", "page": 25, "reflexy": null, "is_correct": true, "right_answer": true, "pair": null, "pair_type": "question"}, "model": "quizy.variant", "pk": 41}, {"fields": {"code_errors": "{}", "number": 1, "text": "\u0412\u0442\u043e\u0440\u043e\u0439 \u0432\u0430\u0440\u0438\u0430\u043d\u0442 \u043e\u0442\u0432\u0435\u0442\u0430", "created_at": "2015-07-14T20:16:36.923Z", "updated_at": "2015-07-15T17:36:57.019Z", "page": 25, "reflexy": null, "is_correct": true, "right_answer": false, "pair": null, "pair_type": "question"}, "model": "quizy.variant", "pk": 42}, {"fields": {"code_errors": "{}", "number": 1, "text": "\u0422\u0440\u0435\u0442\u0438\u0439 \u0432\u0430\u0440\u0438\u0430\u043d\u0442", "created_at": "2015-07-15T17:37:24.825Z", "updated_at": "2015-07-15T17:37:30.307Z", "page": 25, "reflexy": null, "is_correct": true, "right_answer": false, "pair": null, "pair_type": "question"}, "model": "quizy.variant", "pk": 43}, {"fields": {"code_errors": "{}", "number": 1, "text": "\u041f\u0435\u0440\u0432\u044b\u0439 \u0432\u0430\u0440\u0438\u0430\u043d\u0442 \u043e\u0442\u0432\u0435\u0442\u0430", "created_at": "2015-07-15T17:42:25.566Z", "updated_at": "2015-07-15T18:46:35.015Z", "page": 24, "reflexy": null, "is_correct": true, "right_answer": false, "pair": null, "pair_type": "question"}, "model": "quizy.variant", "pk": 44}, {"fields": {"code_errors": "{}", "number": 1, "text": "\u0412\u0442\u043e\u0440\u043e\u0439 \u0432\u0430\u0440\u0438\u0430\u043d\u0442 \u043e\u0442\u0432\u0435\u0442\u0430", "created_at": "2015-07-15T18:46:36.947Z", "updated_at": "2015-07-15T18:49:31.251Z", "page": 24, "reflexy": null, "is_correct": true, "right_answer": false, "pair": null, "pair_type": "question"}, "model": "quizy.variant", "pk": 55}, {"fields": {"code_errors": "{}", "number": 1, "text": "\u0422\u0440\u0435\u0442\u0438\u0439 \u0432\u0430\u0440\u0438\u0430\u043d\u0442 \u043e\u0442\u0432\u0435\u0442\u0430", "created_at": "2015-07-15T18:49:32.583Z", "updated_at": "2015-07-15T18:49:40.330Z", "page": 24, "reflexy": null, "is_correct": true, "right_answer": false, "pair": null, "pair_type": "question"}, "model": "quizy.variant", "pk": 56}, {"fields": {"code_errors": "{}", "number": 1, "text": "\u0412\u0430\u0440\u0438\u0430\u043d\u0442 \u043e\u0442\u0432\u0435\u0442\u0430 1", "created_at": "2015-07-15T19:01:06.648Z", "updated_at": "2015-07-15T19:01:20.362Z", "page": 30, "reflexy": null, "is_correct": true, "right_answer": false, "pair": null, "pair_type": "question"}, "model": "quizy.variant", "pk": 57}, {"fields": {"code_errors": "{}", "number": 1, "text": "\u0412\u0430\u0440\u0438\u0430\u043d\u0442 \u043e\u0442\u0432\u0435\u0442\u0430 2", "created_at": "2015-07-15T19:01:12.402Z", "updated_at": "2015-07-15T19:01:24.878Z", "page": 30, "reflexy": null, "is_correct": true, "right_answer": false, "pair": null, "pair_type": "question"}, "model": "quizy.variant", "pk": 58}, {"fields": {"code_errors": "{}", "number": 1, "text": "\u043e\u0442\u0432\u0435\u0442", "created_at": "2015-07-15T19:01:37.451Z", "updated_at": "2015-07-15T19:01:55.412Z", "page": 52, "reflexy": null, "is_correct": true, "right_answer": false, "pair": null, "pair_type": "question"}, "model": "quizy.variant", "pk": 59}, {"fields": {"code_errors": "{}", "number": 1, "text": "\u0412\u0430\u0440\u0438\u0430\u043d\u0442 \u043e\u0442\u0432\u0435\u0442\u0430 \u0432\u0435\u0440\u043d\u044b\u0439", "created_at": "2015-07-17T20:01:53.299Z", "updated_at": "2015-07-17T20:05:10.739Z", "page": 53, "reflexy": null, "is_correct": true, "right_answer": true, "pair": null, "pair_type": "question"}, "model": "quizy.variant", "pk": 60}, {"fields": {"code_errors": "{}", "number": 1, "text": "\u0412\u0430\u0440\u0438\u0430\u043d\u0442 \u043e\u0442\u0432\u0435\u0442\u0430 \u0432\u0435\u0440\u043d\u044b\u0439", "created_at": "2015-07-17T20:02:12.061Z", "updated_at": "2015-07-17T20:05:09.705Z", "page": 53, "reflexy": null, "is_correct": true, "right_answer": true, "pair": null, "pair_type": "question"}, "model": "quizy.variant", "pk": 62}, {"fields": {"code_errors": "{}", "number": 1, "text": "\u0412\u0430\u0440\u0438\u0430\u043d\u0442 \u043e\u0442\u0432\u0435\u0442\u0430 \u043d\u0435\u0432\u0435\u0440\u043d\u044b\u0439", "created_at": "2015-07-17T20:04:57.753Z", "updated_at": "2015-07-17T20:05:09.601Z", "page": 53, "reflexy": null, "is_correct": true, "right_answer": false, "pair": null, "pair_type": "question"}, "model": "quizy.variant", "pk": 64}, {"fields": {"code_errors": "{}", "number": 1, "text": "qqq", "created_at": "2015-07-18T14:33:49.677Z", "updated_at": "2015-07-18T14:33:56.492Z", "page": 56, "reflexy": null, "is_correct": true, "right_answer": false, "pair": null, "pair_type": "question"}, "model": "quizy.variant", "pk": 72}, {"fields": {"code_errors": "{}", "number": 1, "text": "qqq2", "created_at": "2015-07-18T14:33:49.704Z", "updated_at": "2015-07-18T14:34:00.355Z", "page": 56, "reflexy": null, "is_correct": true, "right_answer": false, "pair": 72, "pair_type": "answer"}, "model": "quizy.variant", "pk": 73}, {"fields": {"code_errors": "{}", "number": 1, "text": "aaa", "created_at": "2015-07-18T14:33:50.655Z", "updated_at": "2015-07-18T14:34:02.105Z", "page": 56, "reflexy": null, "is_correct": true, "right_answer": false, "pair": null, "pair_type": "question"}, "model": "quizy.variant", "pk": 74}, {"fields": {"code_errors": "{}", "number": 1, "text": "aaa2", "created_at": "2015-07-18T14:33:50.692Z", "updated_at": "2015-07-18T14:34:05.617Z", "page": 56, "reflexy": null, "is_correct": true, "right_answer": false, "pair": 74, "pair_type": "answer"}, "model": "quizy.variant", "pk": 75}, {"fields": {"code_errors": "{}", "number": 1, "text": "\u043e\u0430\u0440\u043b\u043e\u044b\u0432\u0440\u0430 \u0430\u044b\u0432\u043e\u043b\u044b\u0432 \u043b\u044b\u043e\u0432\u0430\u0440\u043b\u043e\u044b\u0432 ((xxx, *yyy,zzz)) fsdlkjf fsdkfldskf s ((*ccc, fff, ggg )) ffff sdjfskdf [[ccc, fff, 222]] \u0430\u043e\u044b\u043b\u0432\u0430\u043e \u044b\u0432\u043e\u0430\u043b\u044b\u0432 \u0430\u044b\u0432\u043b\u043e [[ccc, fff]] fdsfsd", "created_at": "2015-07-23T15:37:20.191Z", "updated_at": "2015-07-25T19:31:29.406Z", "page": 69, "reflexy": null, "is_correct": true, "right_answer": false, "pair": null, "pair_type": "question"}, "model": "quizy.variant", "pk": 86}, {"fields": {"code_errors": "{}", "number": 1, "text": "\u041f\u0440\u0430\u0432\u0438\u043b\u044c\u043d\u044b\u0439 \u043e\u0442\u0432\u0435\u0442", "created_at": "2015-07-24T12:25:53.302Z", "updated_at": "2015-07-24T13:06:34.232Z", "page": 70, "reflexy": "\u0420\u0435\u0444\u043b\u0435\u043a\u0441\u0438\u044f \u043f\u0440\u0430\u0432\u0438\u043b\u044c\u043d\u043e\u0433\u043e \u043e\u0442\u0432\u0435\u0442", "is_correct": true, "right_answer": true, "pair": null, "pair_type": "question"}, "model": "quizy.variant", "pk": 87}, {"fields": {"code_errors": "{}", "number": 1, "text": "\u041d\u0435\u043f\u0440\u0430\u0432\u0438\u043b\u044c\u043d\u044b\u0439 \u043e\u0442\u0432\u0435\u0442", "created_at": "2015-07-24T13:01:06.677Z", "updated_at": "2015-07-24T13:06:47.556Z", "page": 70, "reflexy": "\u0420\u0435\u0444\u043b\u0435\u043a\u0441\u0438\u044f \u043d\u0435\u043f\u0440\u0430\u0432\u0438\u043b\u044c\u043d\u043e\u0433\u043e \u043e\u0442\u0432\u0435\u0442\u0430", "is_correct": true, "right_answer": false, "pair": null, "pair_type": "question"}, "model": "quizy.variant", "pk": 88}, {"fields": {"code_errors": "{}", "number": 1, "text": "\u0412\u0430\u0440\u0438\u0430\u043d\u0442 \u043e\u0442\u0432\u0435\u0442\u0430 \u043f\u0440\u0430\u0432\u0438\u043b\u044c\u043d\u044b\u0439", "created_at": "2015-07-24T16:15:31.985Z", "updated_at": "2015-07-24T17:44:12.801Z", "page": 73, "reflexy": "\u0420\u0435\u0444\u043b\u0435\u043a\u0441\u0438\u044f \u043e\u0442\u0432\u0435\u0442\u0430 \u0440\u0430\u0434\u0438\u043e", "is_correct": true, "right_answer": true, "pair": null, "pair_type": "question"}, "model": "quizy.variant", "pk": 91}, {"fields": {"code_errors": "{}", "number": 1, "text": "\u0412\u0430\u0440\u0438\u0430\u043d\u0442 \u043e\u0442\u0432\u0435\u0442\u0430 \u043d\u0435 \u043f\u0440\u0430\u0432\u0438\u043b\u044c\u043d\u044b\u0439", "created_at": "2015-07-24T17:07:44.764Z", "updated_at": "2015-07-24T17:44:16.166Z", "page": 73, "reflexy": "\u0420\u0435\u0444\u043b\u0435\u043a\u0441\u0438\u044f \u043d\u0435\u043f\u0440\u0430\u0432\u0438\u043b\u044c\u043d\u043e\u0433\u043e \u043e\u0442\u0432\u0435\u0442\u0430 \u0440\u0430\u0434\u0438\u043e", "is_correct": true, "right_answer": false, "pair": null, "pair_type": "question"}, "model": "quizy.variant", "pk": 93}, {"fields": {"number_of_attempt": 0, "success": true, "created_at": "2015-08-31T18:19:47.101Z", "learner": null, "updated_at": "2015-08-31T18:21:16.272Z", "reason": null, "lesson": 61, "data": "{}"}, "model": "quizy.statistic", "pk": 4}, {"fields": {"number_of_attempt": 0, "success": true, "created_at": "2015-08-31T18:30:22.272Z", "learner": null, "updated_at": "2015-09-28T09:25:47.384Z", "reason": null, "lesson": 47, "data": "{}"}, "model": "quizy.statistic", "pk": 5}, {"fields": {"number_of_attempt": 0, "success": true, "created_at": "2015-09-10T09:47:48.448Z", "learner": null, "updated_at": "2015-10-21T17:41:18.722Z", "reason": null, "lesson": 59, "data": "{}"}, "model": "quizy.statistic", "pk": 6}, {"fields": {"number_of_attempt": 0, "success": true, "created_at": "2015-09-20T00:28:29.948Z", "learner": null, "updated_at": "2015-09-28T09:31:27.469Z", "reason": null, "lesson": 60, "data": "{}"}, "model": "quizy.statistic", "pk": 7}, {"fields": {"number_of_attempt": 0, "success": true, "created_at": "2015-09-22T11:35:58.761Z", "learner": null, "updated_at": "2015-09-28T09:31:33.883Z", "reason": null, "lesson": 62, "data": "{}"}, "model": "quizy.statistic", "pk": 8}, {"fields": {"number_of_attempt": 0, "success": true, "created_at": "2015-10-24T14:09:31.754Z", "learner": null, "updated_at": "2015-10-24T14:09:35.665Z", "reason": null, "lesson": 131, "data": "{}"}, "model": "quizy.statistic", "pk": 11}, {"fields": {"number_of_attempt": 0, "success": true, "created_at": "2015-11-10T18:07:11.588Z", "learner": 14, "updated_at": "2015-12-07T19:56:17.242Z", "reason": null, "lesson": 59, "data": "{}"}, "model": "quizy.statistic", "pk": 12}, {"fields": {"number_of_attempt": 0, "success": true, "created_at": "2015-12-07T10:09:54.830Z", "learner": 14, "updated_at": "2015-12-07T10:10:00.275Z", "reason": null, "lesson": 128, "data": "{}"}, "model": "quizy.statistic", "pk": 13}]