[{"fields": {"code_errors": "{}", "picture": "", "description": "\u042d\u043a\u0437\u0430\u043c\u0435\u043d IELTS (\u041c\u0435\u0436\u0434\u0443\u043d\u0430\u0440\u043e\u0434\u043d\u0430\u044f \u0441\u0438\u0441\u0442\u0435\u043c\u0430 \u0442\u0435\u0441\u0442\u0438\u0440\u043e\u0432\u0430\u043d\u0438\u044f \u0437\u043d\u0430\u043d\u0438\u044f \u0430\u043d\u0433\u043b\u0438\u0439\u0441\u043a\u043e\u0433\u043e \u044f\u0437\u044b\u043a\u0430) - \u044d\u0442\u043e \u0441\u0438\u0441\u0442\u0435\u043c\u0430 \u043e\u0446\u0435\u043d\u043a\u0438, \u0440\u0430\u0437\u0440\u0430\u0431\u043e\u0442\u0430\u043d\u043d\u0430\u044f \u0434\u043b\u044f \u043f\u043e\u0434\u0442\u0432\u0435\u0440\u0436\u0434\u0435\u043d\u0438\u044f \u0443\u0440\u043e\u0432\u043d\u044f \u0432\u043b\u0430\u0434\u0435\u043d\u0438\u044f \u044f\u0437\u044b\u043a\u043e\u0432\u044b\u043c\u0438 \u043d\u0430\u0432\u044b\u043a\u0430\u043c\u0438.\r\n", "created_at": "2015-07-21T08:36:35.943Z", "is_active": true, "updated_at": "2015-10-09T14:15:06.291Z", "created_by": 1, "name": "\u041a\u0443\u0440\u0441 \u043f\u043e\u0434\u0433\u043e\u0442\u043e\u0432\u043a\u0438 \u043a IELTS", "is_correct": true, "teacher": [7, 10], "uuid": "bf75428a-3246-11e5-aaf2-a8206656fa77"}, "model": "quizy.course", "pk": 1}, {"fields": {"code_errors": "{}", "picture": "", "description": "", "created_at": "2015-08-29T15:39:22.499Z", "is_active": true, "updated_at": "2015-08-29T15:39:22.499Z", "created_by": 1, "name": "\u0422\u0435\u0441\u0442\u043e\u0432\u044b\u0439 \u043a\u0443\u0440\u0441 \u0434\u043b\u044f \u0434\u0435\u043c\u043e\u043d\u0441\u0442\u0440\u0430\u0446\u0438\u0438", "is_correct": true, "teacher": [8], "uuid": "1ccf6ca6-6452-460b-8aa0-2999565f9a79"}, "model": "quizy.course", "pk": 2}, {"fields": {"code_errors": "{}", "picture": "lessons/15/lesson_7768.png", "uuid": "50db0cd1-309c-11e5-bff3-a8206656fa77", "is_correct": true, "lesson_type": "inside", "media": "", "created_at": "2015-07-05T13:14:08.703Z", "description": "xxxx", "is_active": true, "updated_at": "2015-07-22T18:06:03.572Z", "created_by": 1, "number": 2, "course": 1, "path_content": null, "timer": null, "full_lesson_type": "inside", "is_public": false, "teacher": [], "name": "dddddddssr"}, "model": "quizy.lesson", "pk": 15}, {"fields": {"code_errors": "{}", "picture": "", "uuid": "165177cc-309c-11e5-a6df-a8206656fa77", "is_correct": true, "lesson_type": "inside", "media": "", "created_at": "2015-07-05T13:15:10.662Z", "description": "\u041e\u043f\u0438\u0441\u0430\u043d\u0438\u0435 \u0443\u0440\u043e\u043a\u0430", "is_active": true, "updated_at": "2015-07-22T18:04:25.436Z", "created_by": 1, "number": 1, "course": 1, "path_content": null, "timer": null, "full_lesson_type": "inside", "is_public": false, "teacher": [], "name": "11111"}, "model": "quizy.lesson", "pk": 16}, {"fields": {"code_errors": "{}", "picture": "", "uuid": "a0fde0c5-32fa-11e5-b9aa-a8206656fa77", "is_correct": true, "lesson_type": "inside", "media": "", "created_at": "2015-07-22T21:40:15.261Z", "description": "\u041e\u043f\u0438\u0441\u0430\u043d\u0438\u0435 \u0442\u0435\u0441\u0442\u043e\u0432\u043e\u0433\u043e \u0443\u0440\u043e\u043a\u0430 Active", "is_active": true, "updated_at": "2015-07-25T18:26:12.887Z", "created_by": 1, "number": 3, "course": 1, "path_content": null, "timer": null, "full_lesson_type": "inside", "is_public": false, "teacher": [], "name": "\u0422\u0435\u0441\u0442\u043e\u0432\u044b\u0439 \u0443\u0440\u043e\u043a\u0430 Active \u0442\u0435\u0441\u0442\u0438\u0440\u043e\u0432\u0430\u043d\u0438\u0435 \u0432\u0432\u043e\u0434\u0430 \u0441\u043b\u043e\u0432 \u0432 \u0442\u0435\u043a\u0441\u0442\u0435"}, "model": "quizy.lesson", "pk": 31}, {"fields": {"code_errors": "{}", "picture": "", "uuid": "9489b9a3-3226-11e5-b67e-a8206656fa77", "is_correct": true, "lesson_type": "inside", "media": "", "created_at": "2015-07-24T12:22:12.267Z", "description": "\u041e\u043f\u0438\u0441\u0430\u043d\u0438\u0435 \u0442\u0435\u0441\u0442\u0438\u0440\u043e\u0432\u0430\u043d\u0438\u0435 \u0440\u0435\u0444\u043b\u0435\u043a\u0441\u0438\u0438 \u043e\u0442\u0432\u0435\u0442\u0430", "is_active": true, "updated_at": "2015-07-24T17:08:18.687Z", "created_by": 1, "number": 4, "course": 1, "path_content": null, "timer": null, "full_lesson_type": "inside", "is_public": false, "teacher": [], "name": "\u0422\u0435\u0441\u0442\u0438\u0440\u043e\u0432\u0430\u043d\u0438\u0435 \u0440\u0435\u0444\u043b\u0435\u043a\u0441\u0438\u0438 \u043e\u0442\u0432\u0435\u0442\u0430"}, "model": "quizy.lesson", "pk": 32}, {"fields": {"code_errors": "{}", "picture": "lessons/39/lesson_9988.png", "uuid": "ba8cf464-36a1-11e5-8a67-ffcafb14d511", "is_correct": true, "lesson_type": "inside", "media": "", "created_at": "2015-07-30T09:40:38.978Z", "description": "Olga's test 1", "is_active": true, "updated_at": "2015-07-30T09:59:55.210Z", "created_by": 7, "number": 5, "course": 1, "path_content": null, "timer": null, "full_lesson_type": "inside", "is_public": false, "teacher": [], "name": "Olga's test 1"}, "model": "quizy.lesson", "pk": 39}, {"fields": {"code_errors": "{}", "picture": "", "uuid": "ca1dc35e-4cd1-11e5-8170-e395a83e09e4", "is_correct": true, "lesson_type": "outside", "media": "", "created_at": "2015-08-16T06:17:29.028Z", "description": "", "is_active": true, "updated_at": "2015-08-30T08:42:56.758Z", "created_by": 7, "number": 10, "course": 1, "path_content": "1", "timer": 600, "full_lesson_type": 2, "is_public": false, "teacher": [7], "name": "\u0422\u0440\u0435\u043d\u0430\u0436\u0451\u0440 \u043e\u0431\u0449\u0435\u043d\u0438\u044f"}, "model": "quizy.lesson", "pk": 40}, {"fields": {"code_errors": "{}", "picture": "lessons/41/lesson_9437.png", "uuid": "c3fc2380-4a92-11e5-9ba2-4d7b92d18424", "is_correct": true, "lesson_type": "inside", "media": "", "created_at": "2015-08-20T10:34:54.966Z", "description": "\u041f\u043e\u0442\u0440\u0435\u043d\u0438\u0440\u0443\u0435\u043c \u0441\u043b\u043e\u0432\u0430, \u043a\u043e\u0442\u043e\u0440\u044b\u0435 \u043f\u0440\u0438\u0433\u043e\u0434\u044f\u0442\u0441\u044f \u0412\u0430\u043c \u043f\u0440\u0438 \u043d\u0430\u043f\u0438\u0441\u0430\u043d\u0438\u0435 \u044d\u0441\u0441\u0435", "is_active": true, "updated_at": "2015-08-24T19:03:11.843Z", "created_by": 7, "number": 7, "course": 1, "path_content": "", "timer": null, "full_lesson_type": "inside", "is_public": false, "teacher": [], "name": "\u041f\u043e\u043b\u0435\u0437\u043d\u044b\u0435 \u0441\u043b\u043e\u0432\u0430 \u0434\u043b\u044f \u044d\u0441\u0441\u0435 (1)"}, "model": "quizy.lesson", "pk": 41}, {"fields": {"code_errors": "{\"202\": \"\\u041d\\u0435\\u0442 \\u043d\\u0438 \\u043e\\u0434\\u043d\\u043e\\u0439 \\u0441\\u0442\\u0440\\u0430\\u043d\\u0438\\u0446\\u044b \\u0443\\u0440\\u043e\\u043a\\u0430\"}", "picture": "", "uuid": "c291b9ba-4cd1-11e5-87da-fb6444389925", "is_correct": true, "lesson_type": "outside", "media": "", "created_at": "2015-08-23T05:09:03.294Z", "description": "\u0442\u0435\u0441\u0442 \u0442\u0435\u0441\u0442", "is_active": true, "updated_at": "2015-08-30T08:42:04.399Z", "created_by": 7, "number": 8, "course": 1, "path_content": "1", "timer": null, "full_lesson_type": 2, "is_public": false, "teacher": [], "name": "\u0422\u0440\u0435\u043d\u0430\u0436\u0435\u0440 \u043f\u0438\u0441\u0435\u043c"}, "model": "quizy.lesson", "pk": 42}, {"fields": {"code_errors": "{}", "picture": "lessons/2aad9054/lesson_4948.png", "uuid": "2aad9054-4d78-11e5-8bca-03426b361ead", "is_correct": true, "lesson_type": "outside", "media": "lessons/2aad9054/media_6377.jpg", "created_at": "2015-08-28T07:29:44.536Z", "description": "<b>You have several library books that you are unable to return because a family member living in another city has fallen ill and you must go and take care of him/her.&nbsp;</b><div><br><div>Write a letter to the library explaining the situation.&nbsp;</div><div>Apologize for the inconvenience caused, and explain what you will do to get your books returned.&nbsp;</div><div>You should write at least 150 words.\r\n</div></div>", "is_active": true, "updated_at": "2015-10-19T08:13:41.092Z", "created_by": 10, "number": 0, "course": 1, "path_content": "1", "timer": 1200, "full_lesson_type": 2, "is_public": false, "teacher": [7, 10], "name": "IELTS letters (1)"}, "model": "quizy.lesson", "pk": 47}, {"fields": {"code_errors": "{}", "picture": "lessons/18ac740b/lesson_3005.png", "uuid": "18ac740b-90d0-437c-b062-44dd8ae889fc", "is_correct": true, "lesson_type": "inside", "media": "", "created_at": "2015-08-29T15:39:35.898Z", "description": "\u0422\u0435\u0441\u0442\u043e\u0432\u044b\u0439 \u0443\u0440\u043e\u043a \u0434\u043b\u044f \u0434\u0435\u043c\u043e\u043d\u0441\u0442\u0440\u0430\u0446\u0438\u0438", "is_active": true, "updated_at": "2015-08-29T16:12:50.802Z", "created_by": 8, "number": 1, "course": 2, "path_content": null, "timer": null, "full_lesson_type": "inside", "is_public": false, "teacher": [], "name": "\u0422\u0435\u0441\u0442\u043e\u0432\u044b\u0439 \u0443\u0440\u043e\u043a\u0430"}, "model": "quizy.lesson", "pk": 48}, {"fields": {"code_errors": "{\"202\": \"\\u041d\\u0435\\u0442 \\u043d\\u0438 \\u043e\\u0434\\u043d\\u043e\\u0439 \\u0441\\u0442\\u0440\\u0430\\u043d\\u0438\\u0446\\u044b \\u0443\\u0440\\u043e\\u043a\\u0430\"}", "picture": "lessons/d8809db2/lesson_4564.png", "uuid": "d8809db2-5f28-4ec5-9d01-760c8cebcb6b", "is_correct": false, "lesson_type": "inside", "media": "", "created_at": "2015-08-31T08:10:56.517Z", "description": "Practicing IELTS General Writing (part 1)", "is_active": true, "updated_at": "2015-08-31T08:11:49.598Z", "created_by": 10, "number": 10, "course": 1, "path_content": null, "timer": null, "full_lesson_type": 1, "is_public": false, "teacher": [], "name": "IELTS Letter (2)"}, "model": "quizy.lesson", "pk": 58}, {"fields": {"code_errors": "{}", "picture": "lessons/5ff16a38/lesson_1805.png", "uuid": "5ff16a38-79f1-4b72-ad24-3db6849f9710", "is_correct": true, "lesson_type": "outside", "media": "lessons/5ff16a38/media_2682.png", "created_at": "2015-08-31T08:48:49.498Z", "description": "<b>You are organising a trip to the Snowy Mountains in New South Wales for a group of students from Perth in Western Australia.&nbsp;</b><div><span style=\"line-height: 1.45em; background-color: initial;\"><br></span></div><div><span style=\"line-height: 1.45em; background-color: initial;\">Write to the manager of Student Hostel Services and explain:&nbsp;</span></div><div><span style=\"line-height: 1.45em; background-color: initial;\">- when you want to visit the Snowy Mountains;</span></div><div><span style=\"line-height: 1.45em; background-color: initial;\">- how long you will stay;</span></div><div><span style=\"line-height: 1.45em; background-color: initial;\">- how many students are in your party, and&nbsp;</span></div><div><span style=\"line-height: 1.45em; background-color: initial;\">- what accommodation you will require.&nbsp;</span></div><div><span style=\"line-height: 1.45em; background-color: initial;\">You should write at least 150 words.</span><br></div>", "is_active": true, "updated_at": "2015-10-19T08:15:25.786Z", "created_by": 10, "number": 0, "course": 1, "path_content": "1", "timer": 1200, "full_lesson_type": 2, "is_public": false, "teacher": [10], "name": "IELTS letters (2)"}, "model": "quizy.lesson", "pk": 59}, {"fields": {"code_errors": "{}", "picture": "lessons/3d5cd4ca/lesson_5907.png", "uuid": "3d5cd4ca-0f98-4d53-be1b-51a6ba7d77c5", "is_correct": true, "lesson_type": "outside", "media": "lessons/3d5cd4ca/media_9154.JPG", "created_at": "2015-08-31T08:54:19.960Z", "description": "<b>You recently bought an item of clothing from a shop. You discovered that it had a fault and returned it to the shop for replacement or refund. However, the assistant told you that this was against the store's policy.&nbsp;</b><div><br></div><div>Write a letter to the store manager, explaining the problems you have had. Ask  for a refund or exchange on the item.\r\nYou should write at least 150 words.\r\n</div>", "is_active": true, "updated_at": "2015-10-19T08:16:02.619Z", "created_by": 10, "number": 0, "course": 1, "path_content": "1", "timer": 1200, "full_lesson_type": 2, "is_public": false, "teacher": [10], "name": "IELTS letters (3)"}, "model": "quizy.lesson", "pk": 60}, {"fields": {"code_errors": "{}", "picture": "lessons/62327f06/lesson_9132.png", "uuid": "62327f06-c254-482c-aefa-871c6025fddb", "is_correct": true, "lesson_type": "outside", "media": "lessons/62327f06/media_3978.jpg", "created_at": "2015-08-31T09:00:32.423Z", "description": "<b>You have a friend who lives in a city abroad. You have decided that you would like to apply to do a course at one of the colleges in his/her city.&nbsp;</b><div><br></div><div>Write to your friend explaining what you would like to do.&nbsp;<span style=\"line-height: 1.45em; background-color: initial;\">Tell him/her what type of work or studies you have been doing for the past few years and ask for assistance in contacting an appropriate institution.&nbsp;</span></div><div><span style=\"line-height: 1.45em; background-color: initial;\">You should write at least 150 words.</span></div>", "is_active": true, "updated_at": "2015-10-19T08:17:17.407Z", "created_by": 10, "number": 0, "course": 1, "path_content": "1", "timer": 1200, "full_lesson_type": 2, "is_public": false, "teacher": [10], "name": "IELTS letters (4)"}, "model": "quizy.lesson", "pk": 61}, {"fields": {"code_errors": "{}", "picture": "lessons/0f9a7b7a/lesson_8744.png", "uuid": "0f9a7b7a-711b-4aba-a90e-36d5690ff498", "is_correct": true, "lesson_type": "outside", "media": "lessons/0f9a7b7a/media_5106.JPG", "created_at": "2015-08-31T09:06:22.971Z", "description": "<b>You have had a bank account for a few years. Recently you received a letter from the hank stating that your account is $240 overdrawn and that\r\nyou will he charged $70 which will be taken directly from your account. You know that this information is incorrect.&nbsp;</b><div><br></div><div>Write a letter to the bank. Explain what has happened and say what you would like them to do about it.&nbsp;</div><div>&nbsp;You should write at least 150 words.\r\n</div>", "is_active": true, "updated_at": "2015-10-19T08:17:46.454Z", "created_by": 10, "number": 0, "course": 1, "path_content": "1", "timer": 1200, "full_lesson_type": 2, "is_public": false, "teacher": [10], "name": "IELTS letters (5)"}, "model": "quizy.lesson", "pk": 62}, {"fields": {"code_errors": "{}", "picture": "lessons/55a0ebed/lesson_8872.png", "uuid": "55a0ebed-e0c0-4174-a6b6-6c05354a23c8", "is_correct": true, "lesson_type": "outside", "media": "lessons/55a0ebed/media_107.JPG", "created_at": "2015-10-09T05:02:40.680Z", "description": "<b>The choice to smoke is made by smokers, who are aware of potential harm. Therefore, smokers should  expect to pay more for medical treatment than non-smokers.&nbsp;</b><p><br></p><p>To what extent do you agree with this statement?&nbsp;</p><p></p><p>You should write at least 250 words.&nbsp;</p><p></p>\r\n", "is_active": true, "updated_at": "2015-10-19T08:19:36.540Z", "created_by": 10, "number": 0, "course": 1, "path_content": "1", "timer": 2400, "full_lesson_type": 2, "is_public": false, "teacher": [10], "name": "IELTS essay general - 1"}, "model": "quizy.lesson", "pk": 63}, {"fields": {"code_errors": "{}", "picture": "lessons/263807cb/lesson_7908.png", "uuid": "263807cb-7602-4146-abde-7e55e3489df0", "is_correct": true, "lesson_type": "outside", "media": "lessons/263807cb/media_8515.JPG", "created_at": "2015-10-09T05:13:28.970Z", "description": "<b>International entertainers, including sports personalities, often get paid millions of dollars per year. In your view, with widespread poverty in the world, are these huge earnings justified? Should there be a limit on how much one person can earn?&nbsp;</b><div><span style=\"line-height: 1.45em; background-color: initial;\"><br></span></div><div><span style=\"line-height: 1.45em; background-color: initial;\">Discuss this topic and provide reasons for your answer.&nbsp;</span></div><div><span style=\"line-height: 1.45em; background-color: initial;\">You should write at least 250 words.&nbsp;</span><br></div>", "is_active": true, "updated_at": "2015-10-19T08:22:17.292Z", "created_by": 10, "number": 0, "course": 1, "path_content": "1", "timer": 2400, "full_lesson_type": 2, "is_public": false, "teacher": [10], "name": "IELTS essay general - 2"}, "model": "quizy.lesson", "pk": 64}, {"fields": {"code_errors": "{}", "picture": "lessons/4095f97a/lesson_810.png", "uuid": "4095f97a-02d0-4aa2-9ddc-1e7bb65364f0", "is_correct": true, "lesson_type": "outside", "media": "lessons/4095f97a/media_2622.JPG", "created_at": "2015-10-09T05:21:37.766Z", "description": "<b>Parents are the best teachers.&nbsp;</b><div><b><br></b><div><span style=\"line-height: 1.45em; background-color: initial;\">To what extent do you agree/disagree with this statement?</span><b style=\"line-height: 1.45em; background-color: initial;\">&nbsp;</b><span style=\"line-height: 1.45em; background-color: initial;\">Use specific reasons and examples to support your answer.\r\n\r\nYou should write at least 250 words.</span></div></div>", "is_active": true, "updated_at": "2015-10-19T08:23:28.876Z", "created_by": 1, "number": 0, "course": 1, "path_content": "1", "timer": 2400, "full_lesson_type": 2, "is_public": false, "teacher": [10], "name": "IELTS essay general - 3"}, "model": "quizy.lesson", "pk": 65}, {"fields": {"code_errors": "{}", "picture": "lessons/7b991df4/lesson_1699.png", "uuid": "7b991df4-90c9-4e12-af48-bf7a0ae8b207", "is_correct": true, "lesson_type": "outside", "media": "lessons/7b991df4/media_1233.JPG", "created_at": "2015-10-09T05:50:29.005Z", "description": "<b>Nowadays food is much &nbsp;easier to prepare than 100-200 years ago. Is it a positive or a negative change?&nbsp;</b><div><br><div>Discuss and provide reasons and examples to support your answer.&nbsp;</div><div>You should write at least 250 words.&nbsp;</div></div>", "is_active": true, "updated_at": "2015-10-19T08:30:30.473Z", "created_by": 1, "number": 0, "course": 1, "path_content": "1", "timer": 2400, "full_lesson_type": 2, "is_public": false, "teacher": [10], "name": "IELTS essay general - 4"}, "model": "quizy.lesson", "pk": 66}, {"fields": {"code_errors": "{}", "picture": "lessons/d5fe0b6c/lesson_2010.png", "uuid": "d5fe0b6c-7cd6-4990-bc55-71469e03fe99", "is_correct": true, "lesson_type": "outside", "media": "lessons/d5fe0b6c/media_1128.JPG", "created_at": "2015-10-09T05:54:14.067Z", "description": "<b>As computers are increasingly being used in education, there will be soon no role for teachers in the classroom.&nbsp;</b><div>To what extent do you agree/disagree with this statement? Provide reasons and examples to support your answer.&nbsp;</div><div>You should write at least 250 words.&nbsp;</div>", "is_active": true, "updated_at": "2015-10-19T08:31:58.947Z", "created_by": 10, "number": 0, "course": 1, "path_content": "1", "timer": 2400, "full_lesson_type": 2, "is_public": false, "teacher": [10], "name": "IELTS essay general - 5"}, "model": "quizy.lesson", "pk": 67}, {"fields": {"code_errors": "{}", "picture": "lessons/1434f52c/lesson_7177.png", "uuid": "1434f52c-a76b-4516-be08-125d3500fb84", "is_correct": true, "lesson_type": "outside", "media": "", "created_at": "2015-10-16T00:32:11.628Z", "description": "<b>Compare and contrast knowledge gained from practical experience with knowledge gained from reading. \r\n\r\nIn your opinion, which source is more important? Why?&nbsp;</b><div><br><div>You should write at least 250 words.</div></div>", "is_active": true, "updated_at": "2015-10-19T08:33:44.311Z", "created_by": 10, "number": 0, "course": 1, "path_content": "1", "timer": 2400, "full_lesson_type": 2, "is_public": false, "teacher": [10], "name": "IELTS essay general - 6"}, "model": "quizy.lesson", "pk": 68}, {"fields": {"code_errors": "{}", "picture": "lessons/f3d1f2c0/lesson_4233.png", "uuid": "f3d1f2c0-9462-4bc5-a81a-f870e5fb5f05", "is_correct": true, "lesson_type": "outside", "media": "", "created_at": "2015-10-16T00:33:52.326Z", "description": "<p><b>S</b><b>ome\r\npeople think that it is important to use leisure time for activities that\r\nimprove the mind, such as reading and doing word puzzles.</b><b>Other</b><b>s</b><b> <span>feel that it is important\r\nto rest the mind during leisure time. Is resting one's mind critical for our&nbsp;well-being&nbsp;or should we use any opportunity to improve our mind?&nbsp;</span></b></p>You should write at least 250 words.&nbsp;", "is_active": true, "updated_at": "2015-10-19T08:38:55.552Z", "created_by": 1, "number": 0, "course": 1, "path_content": "1", "timer": 2400, "full_lesson_type": 2, "is_public": false, "teacher": [10], "name": "IELTS essay general - 7"}, "model": "quizy.lesson", "pk": 69}, {"fields": {"code_errors": "{}", "picture": "lessons/ab115963/lesson_2584.png", "uuid": "ab115963-63f3-4a35-9d38-1e1dc38cbebc", "is_correct": true, "lesson_type": "outside", "media": "", "created_at": "2015-10-16T00:37:45.131Z", "description": "<b>Most high level jobs are done by men, therefore governments should reserve a certain percentage of these jobs for women.&nbsp;</b><div>To what extent do you agree or disagree with this statement?&nbsp;<p><br></p><div>You should write at least 250 words.<p></p></div>\r\n</div>", "is_active": true, "updated_at": "2015-10-19T08:40:05.646Z", "created_by": 10, "number": 0, "course": 1, "path_content": "1", "timer": 2400, "full_lesson_type": 2, "is_public": false, "teacher": [10], "name": "IELTS essay general - 8"}, "model": "quizy.lesson", "pk": 70}, {"fields": {"code_errors": "{}", "picture": "lessons/4adf0a70/lesson_7101.png", "uuid": "4adf0a70-a205-43ad-9cfd-da4858485193", "is_correct": true, "lesson_type": "outside", "media": "", "created_at": "2015-10-16T00:43:49.218Z", "description": "<b>Famous people attract a lot of media attention. Is the lack of privacy an essential element of being famous or should famous people be protected from privacy invasion?&nbsp;</b><div><br><div>Discuss and give your opinion. \r\n\r\nYou should write at least 250 words.</div></div>", "is_active": true, "updated_at": "2015-10-19T08:42:06.736Z", "created_by": 10, "number": 0, "course": 1, "path_content": "1", "timer": 2400, "full_lesson_type": 2, "is_public": false, "teacher": [10], "name": "IELTS essay general - 9"}, "model": "quizy.lesson", "pk": 71}, {"fields": {"code_errors": "{}", "picture": "lessons/35983694/lesson_529.png", "uuid": "35983694-c239-4f1b-80ee-c16eb5b44acf", "is_correct": true, "lesson_type": "outside", "media": "", "created_at": "2015-10-16T00:45:29.628Z", "description": "<b>Should developing countries concentrate on improving industrial skills or should they promote education first?</b><div>&nbsp;<div>Express your opinion and give reasons and examples to support your answer.&nbsp;</div><div>You should write at least 250 words.</div></div>", "is_active": true, "updated_at": "2015-10-19T08:43:24.236Z", "created_by": 10, "number": 0, "course": 1, "path_content": "1", "timer": 2400, "full_lesson_type": 2, "is_public": false, "teacher": [10], "name": "IELTS essay general - 10"}, "model": "quizy.lesson", "pk": 72}, {"fields": {"code_errors": "{}", "picture": "lessons/cf0a0009/lesson_7399.png", "uuid": "cf0a0009-7c98-42d5-95f5-73aa7adaa571", "is_correct": true, "lesson_type": "outside", "media": "", "created_at": "2015-10-16T00:46:44.827Z", "description": "<div><p><b>We are becoming increasingly dependent on computers. They are used in business,&nbsp;<span style=\"line-height: 1.45em; background-color: initial;\">hospitals, crime detection and even to fly planes. What things will they be used in the&nbsp;</span><span style=\"line-height: 1.45em; background-color: initial;\">future? Is this dependence on computers a good thing or should we be more suspicious&nbsp;</span><span style=\"line-height: 1.45em; background-color: initial;\">of their benefits?</span></b></p></div><div>You should write at least 250 words.&nbsp;</div>", "is_active": true, "updated_at": "2015-10-19T08:44:57.395Z", "created_by": 10, "number": 0, "course": 1, "path_content": "1", "timer": 2400, "full_lesson_type": 2, "is_public": false, "teacher": [10], "name": "IELTS essay general - 11"}, "model": "quizy.lesson", "pk": 73}, {"fields": {"code_errors": "{}", "picture": "lessons/1f26a3a1/lesson_243.png", "uuid": "1f26a3a1-f7b2-48a5-9318-b4b77fe47da2", "is_correct": true, "lesson_type": "outside", "media": "", "created_at": "2015-10-16T00:48:23.780Z", "description": "<b>Has modern technology improved our lives, or was life better when technology was simpler?</b><div>Discuss and provide reasons and examples to support your answer.&nbsp;</div><div>You should write at least 250 words.&nbsp;</div>", "is_active": true, "updated_at": "2015-10-19T08:45:43.908Z", "created_by": 10, "number": 0, "course": 1, "path_content": "1", "timer": 2400, "full_lesson_type": 2, "is_public": false, "teacher": [10], "name": "IELTS essay general - 12"}, "model": "quizy.lesson", "pk": 74}, {"fields": {"code_errors": "{}", "picture": "lessons/eaafd54d/lesson_1065.png", "uuid": "eaafd54d-35ae-4bb0-b2b4-aa225afe2282", "is_correct": true, "lesson_type": "outside", "media": "", "created_at": "2015-10-16T00:50:18.098Z", "description": "<b>Some people believe that schools are trying to teach children too many subjects. They feel that children will learn more if they focused on fewer subjects.&nbsp;</b><div>To what extent do you agree/disagree with this opinion?&nbsp;<div><br><div>You should write at least 250 words.&nbsp;</div></div></div>", "is_active": true, "updated_at": "2015-10-19T08:50:15.984Z", "created_by": 10, "number": 0, "course": 1, "path_content": "1", "timer": 2400, "full_lesson_type": 2, "is_public": false, "teacher": [10], "name": "IELTS essay general - 13"}, "model": "quizy.lesson", "pk": 75}, {"fields": {"code_errors": "{}", "picture": "lessons/3e895b0b/lesson_689.png", "uuid": "3e895b0b-78bb-489c-a00b-e13c351b23d0", "is_correct": true, "lesson_type": "outside", "media": "", "created_at": "2015-10-16T00:52:17.138Z", "description": "<div><b>Nowadays we are producing more and more rubbish. Why do you think this is happening and what can governments do to help reduce the amount of rubbish produced?&nbsp;</b></div>Give reasons for your answer and include any relevant examples from your own knowledge or experience.&nbsp;<div><br><div>You should write at least 250 words.&nbsp;</div></div>", "is_active": true, "updated_at": "2015-10-19T08:52:49.674Z", "created_by": 10, "number": 0, "course": 1, "path_content": "1", "timer": 2400, "full_lesson_type": 2, "is_public": false, "teacher": [10], "name": "IELTS essay general - 14"}, "model": "quizy.lesson", "pk": 76}, {"fields": {"code_errors": "{}", "picture": "lessons/b8aba214/lesson_137.png", "uuid": "b8aba214-d503-4187-93cf-38a105df5f5d", "is_correct": true, "lesson_type": "outside", "media": "", "created_at": "2015-10-16T00:54:15.480Z", "description": "<b>If children behave badly, the parents should accept the responsibility for their children and also be punished.&nbsp;</b><div>To what extent do you agree/disagree with this statement? Use reasons and examples to support your answer.&nbsp;</div><div>You should write at least 250 words.&nbsp;</div>", "is_active": true, "updated_at": "2015-10-19T08:53:30.666Z", "created_by": 10, "number": 0, "course": 1, "path_content": "1", "timer": 2400, "full_lesson_type": 2, "is_public": false, "teacher": [10], "name": "IELTS essay general - 15"}, "model": "quizy.lesson", "pk": 77}, {"fields": {"code_errors": "{}", "picture": "lessons/87540732/lesson_1811.png", "uuid": "87540732-8599-466d-8942-ad5b75047825", "is_correct": true, "lesson_type": "outside", "media": "", "created_at": "2015-10-16T00:56:13.054Z", "description": "<b>PE (Physical Education/Sports) classes should be excluded from final years of school so that students can concentrate on academic subjects.&nbsp;</b><div><span style=\"line-height: 1.45em; background-color: initial;\">To what extent do you agree/disagree with this statement? Use reasons and examples to support your answer.&nbsp;</span><div>You should write at least 250 words.&nbsp;</div></div>", "is_active": true, "updated_at": "2015-10-19T08:54:58.009Z", "created_by": 10, "number": 0, "course": 1, "path_content": "1", "timer": 2400, "full_lesson_type": 2, "is_public": false, "teacher": [10], "name": "IELTS essay general - 16"}, "model": "quizy.lesson", "pk": 78}, {"fields": {"code_errors": "{}", "picture": "lessons/14525760/lesson_608.png", "uuid": "14525760-bf7e-4a2b-a638-fc95d4f82f85", "is_correct": true, "lesson_type": "outside", "media": "", "created_at": "2015-10-16T01:01:39.205Z", "description": "<b>Will modern technology such as the Internet and E-books ever replace paper books?</b> Why or why not?&nbsp;<div>Give your opinion and provide reasons and examples to support your answer.&nbsp;</div><div>You should write at least 250 words.&nbsp;</div>", "is_active": true, "updated_at": "2015-10-19T08:55:48.157Z", "created_by": 10, "number": 0, "course": 1, "path_content": "1", "timer": 2400, "full_lesson_type": 2, "is_public": false, "teacher": [10], "name": "IELTS essay general - 17"}, "model": "quizy.lesson", "pk": 79}, {"fields": {"code_errors": "{}", "picture": "lessons/8e7c7c8b/lesson_3622.png", "uuid": "8e7c7c8b-993f-4922-bffa-6f38a48840ea", "is_correct": true, "lesson_type": "outside", "media": "", "created_at": "2015-10-16T01:05:53.113Z", "description": "<b>Some people believe that families are not as close as they used to be. Do you agree/disagree with this opinion?&nbsp;</b><br><div>Give reasons and examples to support your answer.&nbsp;</div><div><br><div>You should write at least 250 words.&nbsp;</div></div>", "is_active": true, "updated_at": "2015-10-19T08:58:33.500Z", "created_by": 10, "number": 0, "course": 1, "path_content": "1", "timer": 2400, "full_lesson_type": 2, "is_public": false, "teacher": [10], "name": "IELTS essay general - 18"}, "model": "quizy.lesson", "pk": 80}, {"fields": {"code_errors": "{}", "picture": "lessons/f5fe14d2/lesson_8156.png", "uuid": "f5fe14d2-f37b-4f84-b999-53120d4cc752", "is_correct": true, "lesson_type": "outside", "media": "", "created_at": "2015-10-16T01:08:33.565Z", "description": "<b>In the past, buildings often reflected the culture of a society but today all modern buildings look alike and cities throughout the world are becoming more and more similar.</b>&nbsp;<div>What do you think about this trend?&nbsp;<div>Give your opinion and provide reasons and examples to support your answer.&nbsp;</div><div>You should write at least 250 words.&nbsp;</div></div>", "is_active": true, "updated_at": "2015-10-19T08:59:05.478Z", "created_by": 10, "number": 0, "course": 1, "path_content": "1", "timer": 2400, "full_lesson_type": 2, "is_public": false, "teacher": [10], "name": "IELTS essay general - 19"}, "model": "quizy.lesson", "pk": 81}, {"fields": {"code_errors": "{}", "picture": "lessons/d84a9bb1/lesson_2239.png", "uuid": "d84a9bb1-525f-44ea-a686-321d3e598100", "is_correct": true, "lesson_type": "outside", "media": "", "created_at": "2015-10-16T01:12:59.726Z", "description": "<b>Many people believe that women make better parents than men and that this is why they have traditionally had the greater role in raising children in most societies. Others claim that men are just as good as women at parenting.</b>&nbsp;<div><br><div>Give your opinion and provide reasons and examples to support your answer.&nbsp;</div><div>You should write at least 250 words.</div></div>", "is_active": true, "updated_at": "2015-10-19T09:00:24.527Z", "created_by": 10, "number": 0, "course": 1, "path_content": "1", "timer": 2400, "full_lesson_type": 2, "is_public": false, "teacher": [10], "name": "IELTS essay  general- 20"}, "model": "quizy.lesson", "pk": 82}, {"fields": {"code_errors": "{}", "picture": "lessons/4a61413f/lesson_1137.png", "uuid": "4a61413f-a960-40dc-8ac5-90eb59eb33f2", "is_correct": true, "lesson_type": "outside", "media": "", "created_at": "2015-10-16T01:16:00.937Z", "description": "<b>There are too many cars on the roads and governments should introduce restrictions on car use.&nbsp;</b><div><div>To what extent do you agree/disagree with this statement?&nbsp;</div><div>Provide reasons and examples to support your answers.&nbsp;</div><div>You should write at least 250 words.</div></div>", "is_active": true, "updated_at": "2015-10-19T09:01:18.900Z", "created_by": 10, "number": 0, "course": 1, "path_content": "1", "timer": 2400, "full_lesson_type": 2, "is_public": false, "teacher": [10], "name": "IELTS essay general- 21"}, "model": "quizy.lesson", "pk": 83}, {"fields": {"code_errors": "{}", "picture": "lessons/7df6a307/lesson_9112.png", "uuid": "7df6a307-c8d5-44ac-9788-3c94d216408e", "is_correct": true, "lesson_type": "outside", "media": "", "created_at": "2015-10-16T01:21:46.535Z", "description": "<b>The world population is growing and it\u2019s important to control the number of children that families can have. If a couple would like to have more than 2 children, they should pay higher taxes.</b>&nbsp;<div>To what extent do you agree or disagree with this statement?&nbsp;</div><div>Give reasons and examples to support your answer.&nbsp;</div><div>You should write at least 250 words.</div>", "is_active": true, "updated_at": "2015-10-19T09:01:59.398Z", "created_by": 10, "number": 0, "course": 1, "path_content": "1", "timer": 2400, "full_lesson_type": 2, "is_public": false, "teacher": [10], "name": "IELTS essay  general- 22"}, "model": "quizy.lesson", "pk": 84}, {"fields": {"code_errors": "{}", "picture": "lessons/1f95fb57/lesson_7206.png", "uuid": "1f95fb57-3cc3-451e-855f-fcc9a89e0267", "is_correct": true, "lesson_type": "outside", "media": "", "created_at": "2015-10-16T01:29:06.844Z", "description": "<b>Television programs harm most children. </b>To what extent do you agree or disagree with this statement?&nbsp;<div>Provide reasons and examples to support your answer.&nbsp;</div><div>You should write at least 250 words.&nbsp;</div>", "is_active": true, "updated_at": "2015-10-19T09:03:00.583Z", "created_by": 10, "number": 0, "course": 1, "path_content": "1", "timer": 2400, "full_lesson_type": 2, "is_public": false, "teacher": [10], "name": "IELTS essay  general- 23"}, "model": "quizy.lesson", "pk": 85}, {"fields": {"code_errors": "{}", "picture": "lessons/6aefd251/lesson_1821.png", "uuid": "6aefd251-2beb-499b-975b-b61bf93dc408", "is_correct": true, "lesson_type": "outside", "media": "", "created_at": "2015-10-16T01:30:44.283Z", "description": "<b>In some societies more and more people choose to live alone. Why do you think this is? What are the advantages and disadvantages of living alone?&nbsp;</b><div><span style=\"line-height: 1.45em; background-color: initial;\">Give reasons for your answer and include any relevant examples for your own knowledge or experience.&nbsp;</span></div><div><span style=\"line-height: 1.45em; background-color: initial;\">You should write at least 250 words.&nbsp;</span></div>", "is_active": true, "updated_at": "2015-10-19T09:05:18.659Z", "created_by": 10, "number": 0, "course": 1, "path_content": "1", "timer": 2400, "full_lesson_type": 2, "is_public": false, "teacher": [10], "name": "IELTS essay  general- 24"}, "model": "quizy.lesson", "pk": 86}, {"fields": {"code_errors": "{}", "picture": "lessons/ec1e2052/lesson_9387.png", "uuid": "ec1e2052-14e0-4151-914f-7c0977c63ff5", "is_correct": true, "lesson_type": "outside", "media": "", "created_at": "2015-10-16T01:33:01.006Z", "description": "<b>It has been more than 30 years since man first landed on the moon. Some people think that space research is a waste of money and that the resources would have been better spent on improving people\u2019s lives.&nbsp;</b><div>To what extent do you agree or disagree with this statement?&nbsp;</div><div>Give reasons and examples to support your answer.&nbsp;</div><div>You should write at least 250 words.&nbsp;</div>", "is_active": true, "updated_at": "2015-10-19T09:05:50.270Z", "created_by": 10, "number": 0, "course": 1, "path_content": "1", "timer": 2400, "full_lesson_type": 2, "is_public": false, "teacher": [10], "name": "IELTS essay  general- 25"}, "model": "quizy.lesson", "pk": 87}, {"fields": {"code_errors": "{}", "picture": "lessons/73da5bc5/lesson_5216.png", "uuid": "73da5bc5-ed30-4632-bfbb-b092915cecf0", "is_correct": true, "lesson_type": "outside", "media": "", "created_at": "2015-10-16T01:38:58.885Z", "description": "<b>You mistakenly left something valuable on a train.&nbsp;</b><div>Write a letter to the train company explaining the situation. Describe the item you left behind and describe what you hope the company will do to help you.&nbsp;</div><div>You should write at least 150 words.\r\n</div>", "is_active": true, "updated_at": "2015-10-19T09:54:46.253Z", "created_by": 10, "number": 0, "course": 1, "path_content": "1", "timer": 1200, "full_lesson_type": 2, "is_public": false, "teacher": [10], "name": "IELTS letters (6)"}, "model": "quizy.lesson", "pk": 88}, {"fields": {"code_errors": "{}", "picture": "lessons/bbe0e685/lesson_9844.png", "uuid": "bbe0e685-23e5-4a7a-b4aa-3ebc5b6fd44e", "is_correct": true, "lesson_type": "outside", "media": "", "created_at": "2015-10-16T01:40:02.575Z", "description": "<b>You wish to participate in a work-related seminar in another city.&nbsp;</b><div>\r\nWrite a letter to the seminar organizer asking for detailed information regarding the dates, program, accommodations and cost.&nbsp;</div><div>You should write at least 150 words.\r\n</div>", "is_active": true, "updated_at": "2015-10-19T09:55:16.146Z", "created_by": 10, "number": 0, "course": 1, "path_content": "1", "timer": 1200, "full_lesson_type": 2, "is_public": false, "teacher": [10], "name": "IELTS letters (7)"}, "model": "quizy.lesson", "pk": 89}, {"fields": {"code_errors": "{}", "picture": "lessons/2d645673/lesson_9039.png", "uuid": "2d645673-4a95-4de0-86f0-ccbe8e846b2a", "is_correct": true, "lesson_type": "outside", "media": "", "created_at": "2015-10-16T01:41:27.860Z", "description": "<b>You purchased a new camera; within a few days, you discover it has a major flaw.&nbsp;</b><div>Write a letter to the manufacturer. \r\nIn your letter introduce yourself, explain the situation, state what action you would like the manufacturer to take.&nbsp;</div><div>You should write at least 150 words.\r\n</div>", "is_active": true, "updated_at": "2015-10-19T09:56:36.145Z", "created_by": 1, "number": 0, "course": 1, "path_content": "1", "timer": 1200, "full_lesson_type": 2, "is_public": false, "teacher": [10], "name": "IELTS letters (8)"}, "model": "quizy.lesson", "pk": 90}, {"fields": {"code_errors": "{}", "picture": "lessons/db843e01/lesson_3293.png", "uuid": "db843e01-ae81-4e97-b126-a4ce94e161d4", "is_correct": true, "lesson_type": "outside", "media": "", "created_at": "2015-10-16T01:42:42.283Z", "description": "<b>You recently accepted a part-time job. After a few weeks you find that there are several problems with the job.</b>&nbsp;<div>Write a letter to the manager of the company. In your letter describe the problems that you experienced and suggest what could be done about them.&nbsp;</div><div>You should write at least 150 words.\r\n</div>", "is_active": true, "updated_at": "2015-10-19T09:57:39.338Z", "created_by": 10, "number": 0, "course": 1, "path_content": "1", "timer": 1200, "full_lesson_type": 2, "is_public": false, "teacher": [10], "name": "IELTS letters (9)"}, "model": "quizy.lesson", "pk": 91}, {"fields": {"code_errors": "{}", "picture": "lessons/b6834fe1/lesson_5434.png", "uuid": "b6834fe1-2a84-4441-8490-b1b5b7ed7cf3", "is_correct": true, "lesson_type": "outside", "media": "", "created_at": "2015-10-16T01:43:45.723Z", "description": "<b>You traveled by long distance bus recently and your suitcase was damaged.</b>&nbsp;<div>Write a letter to the bus company. In your letter inform the bus company of when and to where you traveled, describe your suitcase and what happened to it and suggest what the bus company should do about the situation.&nbsp;</div><div>You should write at least 150 words.\r\n</div>", "is_active": true, "updated_at": "2015-10-19T09:58:54.649Z", "created_by": 10, "number": 0, "course": 1, "path_content": "1", "timer": 1200, "full_lesson_type": 2, "is_public": false, "teacher": [10], "name": "IELTS letters (10)"}, "model": "quizy.lesson", "pk": 92}, {"fields": {"code_errors": "{}", "picture": "lessons/44ed5bc7/lesson_3586.png", "uuid": "44ed5bc7-0aca-4738-84d0-d095c3cb213c", "is_correct": true, "lesson_type": "outside", "media": "", "created_at": "2015-10-16T01:44:46.561Z", "description": "You recently had your computer fixed at the local computer store.  However, you received poor service.  \r\nWrite a letter to the store manager. In the letter\r\n- describe the situation\r\n- explain why you are dissatisfied\r\n- state what you want the manager to do.\r\n\r\nYou should write at least 150 words.", "is_active": true, "updated_at": "2015-10-16T01:44:46.561Z", "created_by": 10, "number": 0, "course": 1, "path_content": "1", "timer": 1200, "full_lesson_type": 2, "is_public": false, "teacher": [10], "name": "IELTS letters (11)"}, "model": "quizy.lesson", "pk": 93}, {"fields": {"code_errors": "{}", "picture": "lessons/8370be2c/lesson_9257.png", "uuid": "8370be2c-84fa-476f-aaa6-50a8c510b1cd", "is_correct": true, "lesson_type": "outside", "media": "", "created_at": "2015-10-16T01:45:52.706Z", "description": "You are going to visit New Zealand for an 'English and Homestay' program. You just received the details of your homestay host family.\r\nWrite your first letter to the family. In your letter\r\n- introduce yourself\r\n- ask the family a few questions to get information that is important to you\r\n- tell the family about your arrival date and time.\r\n\r\nWrite at least 150 words.", "is_active": true, "updated_at": "2015-10-16T01:45:52.706Z", "created_by": 10, "number": 0, "course": 1, "path_content": "1", "timer": 1200, "full_lesson_type": 2, "is_public": false, "teacher": [10], "name": "IELTS letters (12)"}, "model": "quizy.lesson", "pk": 94}, {"fields": {"code_errors": "{}", "picture": "lessons/d0f3ed5f/lesson_2393.png", "uuid": "d0f3ed5f-095d-4278-bd35-7a46ebbd4acf", "is_correct": true, "lesson_type": "outside", "media": "", "created_at": "2015-10-16T01:46:49.891Z", "description": "You are employed full-time and also taking a part-time evening course. You are not able to continue the course.\r\nWrite a letter to the course lecturer. In the letter\r\n- explain why you cannot continue the course\r\n- describe the situation\r\n- state what you will do about your situation.\r\n\r\nWrite at least 150 words.\r\n", "is_active": true, "updated_at": "2015-10-16T01:46:49.891Z", "created_by": 10, "number": 0, "course": 1, "path_content": "1", "timer": 1200, "full_lesson_type": 2, "is_public": false, "teacher": [10], "name": "IELTS letters (13)"}, "model": "quizy.lesson", "pk": 95}, {"fields": {"code_errors": "{}", "picture": "lessons/3f63bc5d/lesson_21.png", "uuid": "3f63bc5d-83d9-4088-ab30-5212c4301002", "is_correct": true, "lesson_type": "outside", "media": "", "created_at": "2015-10-16T01:47:51.102Z", "description": "For the past year you belonged to a local club. Now you want to discontinue your membership.\r\nWrite a letter to the club secretary. In your letter\r\n- state what type of membership you have and how you made your payments;\r\n- give details of how you benefited from club membership;\r\n- explain why you want to leave.\r\n\r\nWrite at least 150 words.", "is_active": true, "updated_at": "2015-10-16T01:47:51.102Z", "created_by": 10, "number": 0, "course": 1, "path_content": "1", "timer": 1200, "full_lesson_type": 2, "is_public": false, "teacher": [10], "name": "IELTS letters (14)"}, "model": "quizy.lesson", "pk": 96}, {"fields": {"code_errors": "{}", "picture": "lessons/0f590a22/lesson_584.png", "uuid": "0f590a22-d486-4f4b-9fa2-850cd0e8436f", "is_correct": true, "lesson_type": "outside", "media": "", "created_at": "2015-10-16T01:48:56.951Z", "description": "You are due to start a new job next week but you will not be able to because you have some problems.\r\nWrite a letter to your new employer. In your letter:\r\n\r\n\u2022 explain your situation\r\n\u2022 describe your problems\r\n\u2022 tell him/her when you think you can start.\r\n\r\nWrite at least 150 words", "is_active": true, "updated_at": "2015-10-16T01:48:56.951Z", "created_by": 10, "number": 0, "course": 1, "path_content": "1", "timer": 1200, "full_lesson_type": 2, "is_public": false, "teacher": [10], "name": "IELTS letters (15)"}, "model": "quizy.lesson", "pk": 97}, {"fields": {"code_errors": "{}", "picture": "lessons/705a6f44/lesson_8955.png", "uuid": "705a6f44-5eb6-4ea9-ad9d-b319d19ce599", "is_correct": true, "lesson_type": "outside", "media": "", "created_at": "2015-10-16T01:49:53.334Z", "description": "You are unhappy about a plan to make your local airport bigger and increase the number of flights. You live near the airport.\r\nWrite a letter to your local newspaper. In your letter:\r\n\r\n\u2022 explain where you live\r\n\u2022 describe the problem\r\n\u2022 give reasons why you do not want this development.\r\n\r\n\r\nYou should write at least 150 words.\r\n", "is_active": true, "updated_at": "2015-10-16T01:49:53.334Z", "created_by": 10, "number": 0, "course": 1, "path_content": "1", "timer": 1200, "full_lesson_type": 2, "is_public": false, "teacher": [10], "name": "IELTS letters (16)"}, "model": "quizy.lesson", "pk": 98}, {"fields": {"code_errors": "{}", "picture": "lessons/9059f0e4/lesson_8191.png", "uuid": "9059f0e4-930d-4ec5-9463-50982e8b08d1", "is_correct": true, "lesson_type": "outside", "media": "", "created_at": "2015-10-16T01:51:43.212Z", "description": "You have just returned home after living with a family in an English-speaking country for six months.\r\nYou have realised that you left a small bag of personal possessions in your room.\r\nWrite to the family describing the things you left behind. Ask them to send you the bag. Offer to cover the costs.\r\n\r\nYou should write at least 150 words.\r\n", "is_active": true, "updated_at": "2015-10-16T01:51:43.212Z", "created_by": 10, "number": 0, "course": 1, "path_content": "1", "timer": 1200, "full_lesson_type": 2, "is_public": false, "teacher": [10], "name": "IELTS letters (17)"}, "model": "quizy.lesson", "pk": 99}, {"fields": {"code_errors": "{}", "picture": "lessons/ccaeb86e/lesson_5812.png", "uuid": "ccaeb86e-89b3-44d7-923e-bf22f841ca2e", "is_correct": true, "lesson_type": "outside", "media": "", "created_at": "2015-10-16T01:53:17.842Z", "description": "Last week you were on a flight to London. Unfortunately, when you left the plane, you left a folder with some documents. You did not remember about the folder until you got to your hotel.\r\nWrite a letter to the airline. Explain what has happened, describe the folder and its contents and say what you would like them to do about it.\r\n\r\nYou should write at least 150 words.\r\n", "is_active": true, "updated_at": "2015-10-16T01:53:17.842Z", "created_by": 10, "number": 0, "course": 1, "path_content": "1", "timer": 1200, "full_lesson_type": 2, "is_public": false, "teacher": [10], "name": "IELTS letters (18)"}, "model": "quizy.lesson", "pk": 100}, {"fields": {"code_errors": "{}", "picture": "lessons/fc26c984/lesson_6921.png", "uuid": "fc26c984-49a5-481d-b019-010641a024ca", "is_correct": true, "lesson_type": "outside", "media": "", "created_at": "2015-10-16T01:54:11.435Z", "description": "You are going to study in a college in the UK next year. You would like to stay in a college Hall of Residence.\r\nWrite a letter to the college giving your accommodation requirements. You should outline what your room and food needs are and also ask what alternatives are available if they cannot provide what you want.\r\n\r\nYou should write at least 150 words.\r\n", "is_active": true, "updated_at": "2015-10-16T01:54:11.436Z", "created_by": 10, "number": 0, "course": 1, "path_content": "1", "timer": 1200, "full_lesson_type": 2, "is_public": false, "teacher": [10], "name": "IELTS letters (19)"}, "model": "quizy.lesson", "pk": 101}, {"fields": {"code_errors": "{}", "picture": "lessons/e0383ebb/lesson_248.png", "uuid": "e0383ebb-2640-40d4-9690-4e48f2a0ba69", "is_correct": true, "lesson_type": "outside", "media": "", "created_at": "2015-10-16T01:55:07.308Z", "description": "You celebrated your birthday with some friends last week in a restaurant. It was a great success and you and your friends enjoyed the evening very much.\r\n\r\nWrite a letter to the restaurant to thank them. Mention the food, service and the atmosphere. Also suggest any improvements to make things better.\r\n\r\nYou should write at least 150 words.\r\n", "is_active": true, "updated_at": "2015-10-16T01:55:07.309Z", "created_by": 10, "number": 0, "course": 1, "path_content": "1", "timer": 1200, "full_lesson_type": 2, "is_public": false, "teacher": [10], "name": "IELTS letters (20)"}, "model": "quizy.lesson", "pk": 102}, {"fields": {"code_errors": "{}", "picture": "lessons/70b76f6e/lesson_8455.png", "uuid": "70b76f6e-e468-4bc5-991e-f4f19d11b298", "is_correct": true, "lesson_type": "outside", "media": "", "created_at": "2015-10-16T01:56:12.248Z", "description": "You are an international student and have borrowed a book from the local public library. You left the book on a bus and when you contacted the bus company, they could not find it. Write a letter to the librarian explaining the situation and asking what you should do.\r\n\r\nYou should write at least 150 words.\r\n", "is_active": true, "updated_at": "2015-10-16T01:56:12.248Z", "created_by": 10, "number": 0, "course": 1, "path_content": "1", "timer": 1200, "full_lesson_type": 2, "is_public": false, "teacher": [10], "name": "IELTS letters (21)"}, "model": "quizy.lesson", "pk": 103}, {"fields": {"code_errors": "{}", "picture": "lessons/fad45a71/lesson_3004.png", "uuid": "fad45a71-1692-4809-af2a-431c0781284b", "is_correct": true, "lesson_type": "outside", "media": "", "created_at": "2015-10-16T01:57:15.259Z", "description": "You have just rented an unfurnished flat and a friend has told you that the Opportunity Shop in the shopping center has cheap second-hand furniture.\r\nWrite to the shop owner describing what you need and asking whether they have these items and what they cost.\r\n\r\nYou should write at least 150 words.\r\n", "is_active": true, "updated_at": "2015-10-16T01:57:15.259Z", "created_by": 10, "number": 0, "course": 1, "path_content": "1", "timer": 1200, "full_lesson_type": 2, "is_public": false, "teacher": [10], "name": "IELTS letters (22)"}, "model": "quizy.lesson", "pk": 104}, {"fields": {"code_errors": "{}", "picture": "lessons/5ea37f8e/lesson_9558.png", "uuid": "5ea37f8e-2cbb-4410-8526-39b056eec9d8", "is_correct": true, "lesson_type": "outside", "media": "", "created_at": "2015-10-16T01:58:46.036Z", "description": "Someone you know has asked you to babysit on Saturday and wants to know how much you charge per hour for this. Unfortunately, you already have a commitment this weekend and cannot help. However, you free the following weekend.\r\nReply to your acquaintance explaining that you are not able to help this time, but could help later. Explain also what your fee for the service is.\r\n\r\nYou should write at least 150 words.\r\n", "is_active": true, "updated_at": "2015-10-16T01:58:46.036Z", "created_by": 10, "number": 0, "course": 1, "path_content": "1", "timer": 1200, "full_lesson_type": 2, "is_public": false, "teacher": [10], "name": "IELTS letters (23)"}, "model": "quizy.lesson", "pk": 105}, {"fields": {"code_errors": "{}", "picture": "lessons/44147287/lesson_5651.png", "uuid": "44147287-e743-4a49-a37f-6bec726ddc2f", "is_correct": true, "lesson_type": "outside", "media": "", "created_at": "2015-10-16T01:59:38.282Z", "description": "You recently visited a place that had a strong impact on you.\r\n\r\nWrite a letter to a friend about the place. In your letter\r\n-\texplain where the place was and how you got there\r\n-\tdescribe what you saw\r\n-\toffer to take your friend there\r\n\r\nYou should write at least 150 words.\r\n", "is_active": true, "updated_at": "2015-10-16T01:59:38.282Z", "created_by": 10, "number": 0, "course": 1, "path_content": "1", "timer": 1200, "full_lesson_type": 2, "is_public": false, "teacher": [10], "name": "IELTS letters (24)"}, "model": "quizy.lesson", "pk": 106}, {"fields": {"code_errors": "{}", "picture": "lessons/ae28df5e/lesson_8312.png", "uuid": "ae28df5e-a1d2-4807-b6ad-7113d2db55b6", "is_correct": true, "lesson_type": "outside", "media": "", "created_at": "2015-10-16T02:00:29.106Z", "description": "You have recently heard that a friend of yours has had some problems as a result of some unusual weather. \r\nWrite a letter to your friend. In your letter\r\n-\texpress concern (i.e. say you are sorry to hear what has happened)\r\n-\ttell them about a similar experience that you once had-\r\n-\tgive some advice or offer help\r\n\r\nYou should write at least 150 words.\r\n", "is_active": true, "updated_at": "2015-10-16T02:00:29.106Z", "created_by": 10, "number": 0, "course": 1, "path_content": "1", "timer": 1200, "full_lesson_type": 2, "is_public": false, "teacher": [10], "name": "IELTS letters (25)"}, "model": "quizy.lesson", "pk": 107}, {"fields": {"uuid": "c90ac6b5-3303-11e5-99f2-a8206656fa77", "number_of_attempt": 4, "created_at": "2015-07-25T19:21:32.681Z", "learner": 6, "updated_at": "2015-07-25T19:31:45.552Z", "created_by": 7, "date_success": null, "required_attention_by_pupil": null, "required_attention_by_teacher": null, "success": true, "lesson": 31, "data": "{\"current_step\": 0, \"answer_steps\": [{\"type\": \"words_in_text\", \"page_id\": 69, \"answers\": {\"text\": \"\\u043e\\u0430\\u0440\\u043b\\u043e\\u044b\\u0432\\u0440\\u0430 \\u0430\\u044b\\u0432\\u043e\\u043b\\u044b\\u0432 \\u043b\\u044b\\u043e\\u0432\\u0430\\u0440\\u043b\\u043e\\u044b\\u0432  <select ng-model=\\\"words_in_text.select[0].selected\\\" ng-options=\\\"item.text for item in words_in_text.select[0].options\\\" ng-change=\\\"change_words_in_text()\\\"></select> fsdlkjf fsdkfldskf s  <select ng-model=\\\"words_in_text.select[1].selected\\\" ng-options=\\\"item.text for item in words_in_text.select[1].options\\\" ng-change=\\\"change_words_in_text()\\\"></select> ffff sdjfskdf  <input ng-model=\\\"words_in_text.input[0].inputed\\\"ng-change=\\\"change_words_in_text()\\\" /> \\u0430\\u043e\\u044b\\u043b\\u0432\\u0430\\u043e \\u044b\\u0432\\u043e\\u0430\\u043b\\u044b\\u0432 \\u0430\\u044b\\u0432\\u043b\\u043e  <input ng-model=\\\"words_in_text.input[1].inputed\\\"ng-change=\\\"change_words_in_text()\\\" /> fdsfsd\", \"select\": [{\"selected\": {\"answer\": true, \"text\": \"yyy\", \"$$hashKey\": \"object:225\"}, \"options\": [{\"answer\": false, \"text\": \"xxx\", \"$$hashKey\": \"object:224\"}, {\"answer\": true, \"text\": \"yyy\", \"$$hashKey\": \"object:225\"}, {\"answer\": false, \"text\": \"zzz\", \"$$hashKey\": \"object:226\"}]}, {\"selected\": {\"answer\": true, \"text\": \"ccc\", \"$$hashKey\": \"object:227\"}, \"options\": [{\"answer\": true, \"text\": \"ccc\", \"$$hashKey\": \"object:227\"}, {\"answer\": false, \"text\": \"fff\", \"$$hashKey\": \"object:228\"}, {\"answer\": false, \"text\": \"ggg\", \"$$hashKey\": \"object:229\"}]}], \"input\": [{\"inputed\": \"ccc\", \"options\": [{\"answer\": true, \"text\": \"ccc\"}, {\"answer\": true, \"text\": \"fff\"}, {\"answer\": true, \"text\": \"222\"}]}, {\"inputed\": \"ccc\", \"options\": [{\"answer\": true, \"text\": \"ccc\"}, {\"answer\": true, \"text\": \"fff\"}]}]}}], \"id\": 11, \"success\": true, \"result\": {\"steps\": [{\"page_id\": 69, \"type\": \"words_in_text\", \"choiced_elements\": [], \"success\": true}], \"success\": true}}"}, "model": "quizy.lessonenroll", "pk": 11}, {"fields": {"uuid": "43c947f8-4d5b-11e5-8bca-03426b361ead", "number_of_attempt": 0, "created_at": "2015-08-28T08:03:27.927Z", "learner": 6, "updated_at": "2015-09-28T09:25:47.373Z", "created_by": 7, "date_success": null, "required_attention_by_pupil": false, "required_attention_by_teacher": false, "success": true, "lesson": 47, "data": "{\"active\": false, \"steps\": [{\"$$hashKey\": \"object:288\", \"text\": \"\\u0422\\u0435\\u0441\\u0442\\u043e\\u0432\\u043e\\u0435 \\u043f\\u0438\\u0441\\u044c\\u043c\\u043e\", \"number\": 1, \"mode\": \"finish\", \"estimate\": {\"coherence_task\": \"8\", \"estimate_task\": \"8\", \"lexical_task\": \"6\", \"grammatical_task\": \"7\"}, \"type\": \"pupil\"}, {\"text\": \"<p>sdfsdf</p><br>\\nFs<s>dfsdfsd</s> fsdfsdfsdf<br>\\nfsd\\n\", \"$$hashKey\": \"object:287\", \"type\": \"teacher\", \"mode\": \"finish\", \"number\": 2}]}"}, "model": "quizy.lessonenroll", "pk": 17}, {"fields": {"uuid": "31843963-72fc-45ec-a671-6a94445bed2d", "number_of_attempt": 1, "created_at": "2015-08-29T16:13:09.701Z", "learner": 9, "updated_at": "2015-08-29T16:13:23.705Z", "created_by": 8, "date_success": null, "required_attention_by_pupil": null, "required_attention_by_teacher": null, "success": false, "lesson": 48, "data": "{\"current_step\": 2, \"answer_steps\": [{\"type\": \"checkbox\", \"page_id\": 90, \"answers\": [{\"answer\": false}, {\"answer\": true, \"variant_id\": 134}, {\"answer\": false}]}, {\"type\": \"radiobox\", \"page_id\": 91, \"answers\": [{\"answer\": true, \"variant_id\": 136}]}, {\"type\": \"pairs\", \"page_id\": 92, \"answers\": {\"138\": {\"answer\": \"139\", \"question\": \"138\"}, \"140\": {\"answer\": \"141\", \"question\": \"140\"}}}], \"id\": 18, \"success\": false, \"result\": {\"steps\": [{\"page_id\": 90, \"type\": \"checkbox\", \"choiced_elements\": [{\"variant_id\": 134}, {\"variant_id\": 136}], \"success\": false}, {\"page_id\": 91, \"type\": \"radiobox\", \"choiced_elements\": [{\"variant_id\": 134}, {\"variant_id\": 136}], \"success\": true}, {\"success\": true, \"number_of_pairs\": 2, \"choiced_elements\": [{\"variant_id\": 134}, {\"variant_id\": 136}], \"type\": \"pairs\", \"number_of_correct_pairs\": 2, \"page_id\": 92}], \"success\": false}}"}, "model": "quizy.lessonenroll", "pk": 18}, {"fields": {"uuid": "217dceae-082e-4449-a048-df959cc02ac6", "number_of_attempt": 0, "created_at": "2015-08-31T09:08:12.141Z", "learner": 6, "updated_at": "2015-09-28T09:31:05.083Z", "created_by": 10, "date_success": null, "required_attention_by_pupil": false, "required_attention_by_teacher": true, "success": true, "lesson": 59, "data": "{\"active\": true, \"steps\": [{\"text\": \"18 August  2015\\n\\n\\n\\nDear Director\\n\\nMy name is Dasha Corleone and I am buyer in your store. I am writing to report  a problem with my new camera. I came to your store to buy a new camera for my dear cousin on August 13th .I bought it for one thousand dollars.A little expensive for a camera,isn't it?But before my visit to your store I found your website and saw a lot of reviews.Its were only positive and I did not attach much importance to this price. But after a few day my cousin and I saw a lot of serious defects: some functions and the flash stopped working.I would be grateful if you could change your camera to another or you could returned money for this camera.\\nI would appreciate your immediate attention to this matter.\\n\\nYours faithful,\\n\\nDany Corleone\", \"type\": \"pupil\", \"$$hashKey\": \"object:350\", \"mode\": \"finish\", \"number\": 1}, {\"text\": \"\\nDear Director\\n\\nMy name is Dasha Corleone and I am A buyer in your store. I am writing to report a problem with my new camera (good that you have the topic sentence early). I came to your store to buy a new camera for my dear cousin on August 13th .I bought it for one thousand dollars.A little expensive for a camera,isn't it? But(don't start new sentences with 'but') before my visit to your store I found your website and saw a lot of reviews. Its They were only positive and I did not attach much importance to this price. .....\\n\\nDany Corleone\\n\\n\\n\\nGeneral comments:\\n\\nGood progress, however several issues remain:\\n\\n- ....\\n\\n- ...\\n\\n- ....\\n\\n\\n\\nPlease reviewhttps://www.youtube.com/watch?v=MeV6ihNoQp4list=PLgOaCITH5xmbtYRfguBjg97qJHswpXa4Vindex=2 andhttp://englishwithexperts.com/ .....\\n\\n\\n\\n\\n\\n\\n\", \"type\": \"teacher\", \"$$hashKey\": \"object:349\", \"mode\": \"finish\", \"number\": 2}, {\"$$hashKey\": \"object:348\", \"text\": \"I am organizing a trip to.... I am wondering you can tell me .... Moreover, I also want to know....Finally, tell me....\", \"number\": 3, \"mode\": \"finish\", \"estimate\": {\"coherence_task\": \"4\", \"estimate_task\": \"5\", \"lexical_task\": \"5\", \"grammatical_task\": \"5\"}, \"type\": \"pupil\"}, {\"text\": \"<pre>\\nI am organizing a trip to.... I <em><span style=\\\"color:#FF0000;\\\">WAS</span> </em><s><strong>am </strong></s>wondering you <span style=\\\"color:#FF0000;\\\">if </span>can tell me .... Moreover, I also <span style=\\\"color:#FF0000;\\\">would also like</span> <s>want </s>to know....Finally, <span style=\\\"color:#FF0000;\\\"><em>could you please.</em></span>.. <s>tell </s>me...</pre>\\n\", \"type\": \"teacher\", \"$$hashKey\": \"object:359\", \"mode\": \"finish\", \"number\": 4}, {\"$$hashKey\": \"object:140\", \"text\": \"<p>Testing.... Trip to the Snowy mountains.... Test test.... I am writing to complain... Blah....&nbsp;</p>\\n\", \"number\": 5, \"mode\": \"finish\", \"estimate\": {\"coherence_task\": \"6\", \"estimate_task\": \"5\", \"lexical_task\": \"5\", \"grammatical_task\": \"5\"}, \"type\": \"pupil\"}, {\"text\": \"<p>Testing.... <s>Trip</s>&nbsp;<span style=\\\"color:#FF0000;\\\">Trip</span>&nbsp;to the Snowy mountains.... Test test....<span style=\\\"color:#FF0000;\\\">Please use full sentences.&nbsp;</span>&nbsp;I <span style=\\\"color:#008000;\\\">am</span> <em>writing</em> to <strong>complain</strong>... <span style=\\\"color:#000080;\\\">Blah</span>....&nbsp;</p>\\n\\n<h1>Comments</h1>\\n\\n<p>Nice try, but need to do more.&nbsp;</p>\\n\", \"type\": \"teacher\", \"number\": 6, \"mode\": \"finish\"}]}"}, "model": "quizy.lessonenroll", "pk": 20}, {"fields": {"uuid": "ba04ffb2-edc9-4868-a290-d2bad11ded19", "number_of_attempt": 0, "created_at": "2015-08-31T09:08:17.708Z", "learner": 6, "updated_at": "2015-09-28T09:31:27.461Z", "created_by": 10, "date_success": null, "required_attention_by_pupil": false, "required_attention_by_teacher": true, "success": true, "lesson": 60, "data": "{\"active\": true, \"steps\": [{\"text\": \"I am writing to tell you know that I .... There is a massive problem with this.... I am very very unhappy and disappointed.... \\n\\nBlah - blah....\", \"type\": \"pupil\", \"number\": 1, \"mode\": \"finish\"}, {\"text\": \"\\nI am writing to draw your attention to... <s>tell </s>you know  that I .... There is a serious <s>massive </s>problem with this.... I am very very unhappy and disappointed.... \\n\\nBlah - blah....\\n\\nComments\\n\\n<p>Good work, but......</p>\\n\", \"type\": \"teacher\", \"number\": 2, \"mode\": \"finish\"}]}"}, "model": "quizy.lessonenroll", "pk": 21}, {"fields": {"uuid": "55d6a04d-56a1-44b1-bbf1-0eb9317bbb0f", "number_of_attempt": 0, "created_at": "2015-09-03T22:13:33.393Z", "learner": 11, "updated_at": "2015-09-03T22:13:33.421Z", "created_by": 10, "date_success": null, "required_attention_by_pupil": null, "required_attention_by_teacher": null, "success": null, "lesson": 47, "data": "{\"active\": true, \"steps\": []}"}, "model": "quizy.lessonenroll", "pk": 27}, {"fields": {"uuid": "4d10dc93-9a70-4627-97b9-9c405fca2ed9", "number_of_attempt": 0, "created_at": "2015-09-03T22:13:42.191Z", "learner": 11, "updated_at": "2015-09-03T22:13:42.197Z", "created_by": 10, "date_success": null, "required_attention_by_pupil": null, "required_attention_by_teacher": null, "success": null, "lesson": 59, "data": "{\"active\": true, \"steps\": []}"}, "model": "quizy.lessonenroll", "pk": 28}, {"fields": {"uuid": "69903f93-782f-4b78-bc8a-507a690bd8e5", "number_of_attempt": 0, "created_at": "2015-09-03T22:13:50.264Z", "learner": 11, "updated_at": "2015-09-03T22:13:50.266Z", "created_by": 10, "date_success": null, "required_attention_by_pupil": null, "required_attention_by_teacher": null, "success": null, "lesson": 60, "data": "{\"active\": true, \"steps\": []}"}, "model": "quizy.lessonenroll", "pk": 29}, {"fields": {"uuid": "a79a1638-c53c-4549-a8b2-fb5400bf6c58", "number_of_attempt": 0, "created_at": "2015-09-22T18:22:21.796Z", "learner": 6, "updated_at": "2015-09-28T09:31:33.874Z", "created_by": 7, "date_success": null, "required_attention_by_pupil": false, "required_attention_by_teacher": true, "success": true, "lesson": 62, "data": "{\"active\": true, \"steps\": [{\"text\": \"\\u0422\\u0435\\u0441\\u0442\\u043e\\u0432\\u044b\\u0439 \\u0442\\u0435\\u043a\\u0441\\u0442\", \"$$hashKey\": \"object:111\", \"type\": \"pupil\", \"number\": 1, \"mode\": \"finish\"}]}"}, "model": "quizy.lessonenroll", "pk": 30}, {"fields": {"uuid": "211715eb-ab5f-4bef-81a7-71762c237b3c", "number_of_attempt": 0, "created_at": "2015-10-09T05:04:30.673Z", "learner": 6, "updated_at": "2015-10-09T05:04:30.708Z", "created_by": 10, "date_success": null, "required_attention_by_pupil": null, "required_attention_by_teacher": null, "success": null, "lesson": 63, "data": "{\"active\": true, \"steps\": []}"}, "model": "quizy.lessonenroll", "pk": 31}, {"fields": {"uuid": "8522ab30-96e3-4409-9adf-192b6556ea8b", "number_of_attempt": 0, "created_at": "2015-10-09T06:00:16.700Z", "learner": 6, "updated_at": "2015-10-09T06:00:16.707Z", "created_by": 10, "date_success": null, "required_attention_by_pupil": null, "required_attention_by_teacher": null, "success": null, "lesson": 64, "data": "{\"active\": true, \"steps\": []}"}, "model": "quizy.lessonenroll", "pk": 32}, {"fields": {"uuid": "a117d9d6-77fe-4eb5-8716-def11fde0057", "number_of_attempt": 0, "created_at": "2015-10-09T06:00:35.616Z", "learner": 6, "updated_at": "2015-10-09T06:00:35.620Z", "created_by": 10, "date_success": null, "required_attention_by_pupil": null, "required_attention_by_teacher": null, "success": null, "lesson": 65, "data": "{\"active\": true, \"steps\": []}"}, "model": "quizy.lessonenroll", "pk": 33}, {"fields": {"uuid": "3aa7a3ad-1511-445a-ae8e-e37046e27829", "number_of_attempt": 0, "created_at": "2015-10-09T06:01:15.573Z", "learner": 6, "updated_at": "2015-10-09T06:01:15.577Z", "created_by": 10, "date_success": null, "required_attention_by_pupil": null, "required_attention_by_teacher": null, "success": null, "lesson": 66, "data": "{\"active\": true, \"steps\": []}"}, "model": "quizy.lessonenroll", "pk": 34}, {"fields": {"uuid": "91a1282d-6983-4920-8c6f-8984127e52e3", "number_of_attempt": 0, "created_at": "2015-10-09T06:01:35.598Z", "learner": 6, "updated_at": "2015-10-09T06:01:35.601Z", "created_by": 10, "date_success": null, "required_attention_by_pupil": null, "required_attention_by_teacher": null, "success": null, "lesson": 67, "data": "{\"active\": true, \"steps\": []}"}, "model": "quizy.lessonenroll", "pk": 35}, {"fields": {"code_errors": "{}", "text": "test page 1 lfskdjflksjdlfksd sldkjflsdkjfldskfj", "created_at": "2015-07-06T19:34:28.340Z", "number": 2, "updated_at": "2015-07-15T19:44:02.379Z", "is_correct": true, "media": "", "lesson": 15, "type": "checkbox"}, "model": "quizy.page", "pk": 24}, {"fields": {"code_errors": "{}", "text": "\u0422\u0435\u043a\u0441 \u0432\u043e\u043f\u0440\u043e\u0441\u0430\n\u043e\u0430\u044b\u0434\u0430\u043e\u044b\u0434\u0432\u043b\u043e\u0430\u044b\u0434\u043b\u0432\u043e\u0430\u0434\u043b\u044b\u0432\u0430\u043e \u0430\u043e\u044b\u0432\u043b\u0434\u0430\u043e\u044b\u0434\u043b\u0432\u0430\u043e\u0434\u043b\u044b\u0432\u043e\u0430\u0434\u043b\u044b\u0432\u043e\u0430\u044b\n\u0430\u043b\u044b\u0432\u0436\u0434\u0430\u043b\u044b\u0436\u0432\u0434\u043b\u0430\u0436\u0434\u044b\u0432\n\u044b\u0430\u0432\u0436\u043b\u044b\u0432\u0436\u0434\u0430\u043b\u044b\u0432\u0436\u0434\u043b\u0430\u0436\u044b\u0432\u0434", "created_at": "2015-07-06T20:04:21.300Z", "number": 1, "updated_at": "2015-07-18T21:02:57.711Z", "is_correct": true, "media": "", "lesson": 15, "type": "radiobox"}, "model": "quizy.page", "pk": 25}, {"fields": {"code_errors": "{}", "text": "\u0412\u043e\u043f\u0440\u043e\u0441 \u043d\u0430 \u0441\u0442\u0440\u0430\u043d\u0438\u0446\u0435 1", "created_at": "2015-07-06T20:27:17.415Z", "number": 4, "updated_at": "2015-07-15T19:44:02.395Z", "is_correct": true, "media": "", "lesson": 15, "type": "pairs"}, "model": "quizy.page", "pk": 28}, {"fields": {"code_errors": "{}", "text": "\u0412\u043e\u043f\u0440\u043e\u0441 4 \u044b\u043e\u0430\u043b\u043e\u0430\u043f\u0440\u043b\u043e\u0432\u0430 \u043b\u043e\u043f\u0432\u0430\u043b\u043e\u043f\u0440\u043b\u0432\u0430\u043e\u043f\u0440\u043b\u0432\u0430 \u0432\u0434\u0430\u043b\u043e\u043f\u0432\u043b\u0430\u0440\u043f\u043b\u0432\u043e\u0430\u043f\n\u0434\u0432\u043f\u0430\u043e\u0434\u0432\u043b\u0430\u043e\u043f\u0434\u043b\u0432\u0430 \u0434\u0432\u0430\u043b\u043f\u043e\u0434\u0432\u043b\u0430\u043e\u043f\u0434\u043b\u0432\u0430\u043e", "created_at": "2015-07-08T20:29:02.692Z", "number": 5, "updated_at": "2015-07-15T19:44:02.418Z", "is_correct": true, "media": "", "lesson": 15, "type": "checkbox"}, "model": "quizy.page", "pk": 30}, {"fields": {"code_errors": "{}", "text": "\u0412\u043e\u043f\u0440\u043e\u0441 \u044b\u043b\u043e\u0430\u044b\u0432\u043b\u043e\u0430 \u043b\u043e\u044b\u0432\u0430\u043b\u043e\u044b\u0432\u043b\u043e\u044b", "created_at": "2015-07-15T19:01:37.391Z", "number": 3, "updated_at": "2015-07-15T19:44:02.389Z", "is_correct": true, "media": "", "lesson": 15, "type": "text"}, "model": "quizy.page", "pk": 52}, {"fields": {"code_errors": "{}", "text": "\u0412\u043e\u043f\u0440\u043e\u0441 kjsgks kjdfg kdjfhg kdgjhdfk gjhdf kgjhdf", "created_at": "2015-07-17T20:01:53.179Z", "number": 2, "updated_at": "2015-07-19T12:04:09.624Z", "is_correct": true, "media": "", "lesson": 16, "type": "checkbox"}, "model": "quizy.page", "pk": 53}, {"fields": {"code_errors": "{}", "text": "\u0412\u043e\u043f\u0440\u043e\u0441 kjsdfksdjf fjsdlkfjsdlfjk lfjkdsklfjsdlkfjsd fl fsldjflsdkjflsd lksfdjlksdjfsdlkf lfskjdklfsjd lfksjdflksdjflkjsdlfk flksdjflksjdflkjsd lksdjfldksjflsdkjflkdsjfldskjf sdflsdkfjlskdjflskdjfldsk fsdlkjfsldkjflsdkjfl", "created_at": "2015-07-18T14:29:08.637Z", "number": 1, "updated_at": "2015-07-19T12:04:09.594Z", "is_correct": true, "media": "", "lesson": 16, "type": "pairs"}, "model": "quizy.page", "pk": 56}, {"fields": {"code_errors": "{}", "text": "\u0417\u0430\u043f\u043e\u043b\u043d\u0438\u0442\u0435 \u043f\u0440\u043e\u043f\u0443\u0449\u0435\u043d\u043d\u044b\u0435 \u0441\u043b\u043e\u0432\u0430", "created_at": "2015-07-23T15:37:19.847Z", "number": 1, "updated_at": "2015-07-23T15:37:44.665Z", "is_correct": true, "media": "", "lesson": 31, "type": "words_in_text"}, "model": "quizy.page", "pk": 69}, {"fields": {"code_errors": "{}", "text": "\u0412\u043e\u043f\u0440\u043e\u0441 \u0434\u043b\u044f \u043f\u0440\u043e\u0432\u0435\u0440\u043a\u0438", "created_at": "2015-07-24T12:25:52.753Z", "number": 1, "updated_at": "2015-07-24T13:31:22.121Z", "is_correct": true, "media": "", "lesson": 32, "type": "checkbox"}, "model": "quizy.page", "pk": 70}, {"fields": {"code_errors": "{}", "text": "\u0412\u043e\u043f\u0440\u043e\u0441 \u0434\u043b\u044f \u043f\u0440\u043e\u0432\u0435\u0440\u043a\u0438 \u0440\u0430\u0434\u0438 \u043a\u043d\u043e\u043f\u043a\u0438", "created_at": "2015-07-24T16:15:31.606Z", "number": 2, "updated_at": "2015-07-24T17:42:20.039Z", "is_correct": true, "media": "", "lesson": 32, "type": "radiobox"}, "model": "quizy.page", "pk": 73}, {"fields": {"code_errors": "{}", "text": "\u0412\u044b\u0431\u0438\u0440\u0438\u0442\u0435 \u043f\u0440\u0430\u0432\u0438\u043b\u044c\u043d\u044b\u0439 \u0432\u0430\u0440\u0438\u0430\u043d\u0442", "created_at": "2015-07-30T09:41:15.245Z", "number": 1, "updated_at": "2015-07-30T09:43:50.111Z", "is_correct": true, "media": "", "lesson": 39, "type": "checkbox"}, "model": "quizy.page", "pk": 77}, {"fields": {"code_errors": "{}", "text": "\u041a\u0430\u043a \u0431\u0443\u0434\u0435\u0442 \"\u0441\u043e\u0432\u0435\u0442\u043e\u0432\u0430\u0442\u044c\" \u043d\u0430 \u0430\u043d\u0433\u043b\u0438\u0439\u0441\u043a\u043e\u043c?", "created_at": "2015-07-30T09:48:22.452Z", "number": 2, "updated_at": "2015-07-30T09:49:40.046Z", "is_correct": true, "media": "", "lesson": 39, "type": "text"}, "model": "quizy.page", "pk": 78}, {"fields": {"code_errors": "{}", "text": "\u041f\u043e\u0434\u0431\u0438\u0440\u0438\u0442\u0435 \u043f\u0430\u0440\u0443", "created_at": "2015-07-30T09:50:36.817Z", "number": 3, "updated_at": "2015-07-30T09:50:57.360Z", "is_correct": true, "media": "", "lesson": 39, "type": "pairs"}, "model": "quizy.page", "pk": 79}, {"fields": {"code_errors": "{}", "text": "\u0412 \u044d\u0442\u043e\u043c \u043f\u0440\u0435\u0434\u043b\u043e\u0436\u0435\u043d\u0438\u0438 \u043f\u0440\u043e\u043f\u0443\u0449\u0435\u043d\u044b \u0441\u043b\u043e\u0432\u0430. \u0421\u043c\u043e\u0436\u0435\u0442\u0435 \u0438\u0445 \u043f\u043e\u0434\u0441\u0442\u0430\u0432\u0438\u0442\u044c? \n\u041f\u043e\u0434\u0441\u043a\u0430\u0437\u043a\u0430:  1\u0435 \u0441\u043b\u043e\u0432\u043e - \"\u0446\u0435\u043d\u0438\u0442\u044c\" \n2\u0435 \u0441\u043b\u043e\u0432\u043e -\"\u043f\u043e\u0434\u0434\u0435\u0440\u0436\u043a\u0443\"", "created_at": "2015-07-30T09:52:29.567Z", "number": 4, "updated_at": "2015-07-30T09:56:31.454Z", "is_correct": true, "media": "", "lesson": 39, "type": "words_in_text"}, "model": "quizy.page", "pk": 80}, {"fields": {"code_errors": "{}", "text": "\u041a\u0430\u043a\u0438\u0435 \u0441\u043b\u043e\u0432\u0430 \u043e\u0437\u043d\u0430\u0447\u0430\u044e\u0442 \"\u0446\u0435\u043d\u0438\u0442\u044c\"", "created_at": "2015-07-30T09:56:42.323Z", "number": 5, "updated_at": "2015-07-30T09:57:55.748Z", "is_correct": true, "media": "", "lesson": 39, "type": "checkbox"}, "model": "quizy.page", "pk": 81}, {"fields": {"code_errors": "{}", "text": "\u041a\u0430\u043a\u0438\u0435 \u0441\u043b\u043e\u0432\u0430 \u044f\u0432\u043b\u044f\u044e\u0442\u0441\u044f \u043f\u0430\u0440\u043e\u0439?", "created_at": "2015-08-20T10:52:40.403Z", "number": 1, "updated_at": "2015-08-20T10:54:51.181Z", "is_correct": true, "media": "", "lesson": 41, "type": "pairs"}, "model": "quizy.page", "pk": 82}, {"fields": {"code_errors": "{}", "text": "\u0412\u044b\u0431\u0438\u0440\u0438\u0442\u0435 \u043d\u0430\u0438\u0431\u043e\u043b\u0435\u0435 \u043f\u043e\u0434\u0445\u043e\u0434\u044f\u0449\u0435\u0435 \u0441\u043b\u043e\u0432\u043e", "created_at": "2015-08-20T10:55:56.984Z", "number": 4, "updated_at": "2015-08-21T08:01:12.998Z", "is_correct": true, "media": "", "lesson": 41, "type": "words_in_text"}, "model": "quizy.page", "pk": 83}, {"fields": {"code_errors": "{}", "text": "\u041a\u0430\u043a\u043e\u0435 \u0441\u043b\u043e\u0432\u043e \u043f\u0440\u043e\u043f\u0443\u0449\u0435\u043d\u043e?", "created_at": "2015-08-20T10:59:44.172Z", "number": 5, "updated_at": "2015-08-21T08:01:13.004Z", "is_correct": true, "media": "", "lesson": 41, "type": "words_in_text"}, "model": "quizy.page", "pk": 85}, {"fields": {"code_errors": "{}", "text": "\u041a\u0430\u043a\u0438\u0435 \u0441\u043b\u043e\u0432\u0430 \u043f\u0440\u043e\u043f\u0443\u0449\u0435\u043d\u044b?", "created_at": "2015-08-20T11:02:00.392Z", "number": 6, "updated_at": "2015-08-21T08:01:13.010Z", "is_correct": true, "media": "", "lesson": 41, "type": "words_in_text"}, "model": "quizy.page", "pk": 86}, {"fields": {"code_errors": "{}", "text": "\u041a\u0430\u043a\u0438\u0435 \u0441\u043b\u043e\u0432\u0430 \u044f\u0432\u043b\u044f\u044e\u0442\u0441\u044f \u0441\u0438\u043d\u043e\u043d\u0438\u043c\u0430\u043c\u0438\"?", "created_at": "2015-08-21T07:55:45.470Z", "number": 2, "updated_at": "2015-08-21T07:57:37.287Z", "is_correct": true, "media": "", "lesson": 41, "type": "checkbox"}, "model": "quizy.page", "pk": 87}, {"fields": {"code_errors": "{}", "text": "\u0421\u043b\u043e\u0432\u0430 \u043d\u0438\u0436\u0435 \u043f\u043e\u0445\u043e\u0436\u0438 \u043f\u043e \u0437\u043d\u0430\u0447\u0435\u043d\u0438\u044e. \u0411\u043e\u043b\u044c\u0448\u0438\u043d\u0441\u0442\u0432\u043e \u0438\u0437 \u043d\u0438\u0445 \u043c\u043e\u0436\u043d\u043e \u0443\u043f\u043e\u0442\u0440\u0435\u0431\u0438\u0442\u044c \u0441 \u0441\u0438\u0442\u0443\u0430\u0446\u0438\u0435\u0439, \u043d\u0430\u043f\u0440\u0438\u043c\u0435\u0440, '\u043f\u043b\u044e\u0441\u044b \u0441\u0438\u0442\u0443\u0430\u0446\u0438\u0438'. \u041e\u0434\u043d\u0430\u043a\u043e \u043e\u0434\u043d\u043e \u0441\u043b\u043e\u0432\u043e \u043d\u0435\u043b\u044c\u0437\u044f \u0443\u043f\u043e\u0442\u0440\u0435\u0431\u0438\u0442\u044c \u0432 \u044d\u0442\u043e\u043c \u0437\u043d\u0430\u0447\u0435\u043d\u0438\u0438. \u041a\u0430\u043a\u043e\u0435 \u044d\u0442\u043e \u0441\u043b\u043e\u0432\u043e?", "created_at": "2015-08-21T08:00:57.952Z", "number": 3, "updated_at": "2015-08-23T04:55:55.755Z", "is_correct": true, "media": "lessons/41/question_88_2.png", "lesson": 41, "type": "radiobox"}, "model": "quizy.page", "pk": 88}, {"fields": {"code_errors": "{}", "text": "\u0412\u043e\u043f\u0440\u043e\u0441 \u043d\u0430 \u0432\u044b\u0431\u043e\u0440 \u043d\u0435\u0441\u043a\u043e\u043b\u044c\u043a\u0438\u0445 \u043f\u0440\u0430\u0432\u0438\u043b\u044c\u043d\u044b\u0445 \u043e\u0442\u0432\u0435\u0442\u043e\u0432", "created_at": "2015-08-29T15:40:19.970Z", "number": 1, "updated_at": "2015-08-29T15:40:44.771Z", "is_correct": true, "media": "", "lesson": 48, "type": "checkbox"}, "model": "quizy.page", "pk": 90}, {"fields": {"code_errors": "{}", "text": "\u0412\u043e\u043f\u0440\u043e\u0441 \u0441 \u0432\u044b\u0431\u043e\u0440\u043e\u043c \u043e\u0434\u043d\u043e\u0433\u043e \u043e\u0442\u0432\u0435\u0442\u0430", "created_at": "2015-08-29T16:05:27.803Z", "number": 2, "updated_at": "2015-08-29T16:08:10.304Z", "is_correct": true, "media": "lessons/18ac740b-90d0-437c-b062-44dd8ae889fc/question_9119.png", "lesson": 48, "type": "radiobox"}, "model": "quizy.page", "pk": 91}, {"fields": {"code_errors": "{}", "text": "\u0412\u043e\u043f\u0440\u043e\u0441 \u0441 \u043f\u043e\u0434\u0431\u043e\u0440\u043e\u043c \u043f\u0430\u0440\u044b", "created_at": "2015-08-29T16:12:30.014Z", "number": 3, "updated_at": "2015-08-29T16:12:40.843Z", "is_correct": true, "media": "", "lesson": 48, "type": "pairs"}, "model": "quizy.page", "pk": 92}, {"fields": {"code_errors": "{}", "number": 1, "text": "111", "created_at": "2015-07-14T15:17:42.797Z", "updated_at": "2015-07-14T15:17:45.981Z", "page": 28, "reflexy": null, "is_correct": true, "right_answer": false, "pair": null, "pair_type": "question"}, "model": "quizy.variant", "pk": 37}, {"fields": {"code_errors": "{}", "number": 1, "text": "222", "created_at": "2015-07-14T15:17:42.940Z", "updated_at": "2015-07-14T15:17:47.701Z", "page": 28, "reflexy": null, "is_correct": true, "right_answer": false, "pair": 37, "pair_type": "answer"}, "model": "quizy.variant", "pk": 38}, {"fields": {"code_errors": "{}", "number": 1, "text": "333", "created_at": "2015-07-14T15:17:47.895Z", "updated_at": "2015-07-14T15:17:50.343Z", "page": 28, "reflexy": null, "is_correct": true, "right_answer": false, "pair": null, "pair_type": "question"}, "model": "quizy.variant", "pk": 39}, {"fields": {"code_errors": "{}", "number": 1, "text": "4444", "created_at": "2015-07-14T15:17:47.916Z", "updated_at": "2015-07-14T15:17:53.550Z", "page": 28, "reflexy": null, "is_correct": true, "right_answer": false, "pair": 39, "pair_type": "answer"}, "model": "quizy.variant", "pk": 40}, {"fields": {"code_errors": "{}", "number": 1, "text": "\u041f\u0435\u0440\u0432\u044b\u0439 \u0432\u0430\u0440\u0438\u0430\u043d\u0442", "created_at": "2015-07-14T20:16:35.926Z", "updated_at": "2015-07-15T17:36:57.093Z", "page": 25, "reflexy": null, "is_correct": true, "right_answer": true, "pair": null, "pair_type": "question"}, "model": "quizy.variant", "pk": 41}, {"fields": {"code_errors": "{}", "number": 1, "text": "\u0412\u0442\u043e\u0440\u043e\u0439 \u0432\u0430\u0440\u0438\u0430\u043d\u0442 \u043e\u0442\u0432\u0435\u0442\u0430", "created_at": "2015-07-14T20:16:36.923Z", "updated_at": "2015-07-15T17:36:57.019Z", "page": 25, "reflexy": null, "is_correct": true, "right_answer": false, "pair": null, "pair_type": "question"}, "model": "quizy.variant", "pk": 42}, {"fields": {"code_errors": "{}", "number": 1, "text": "\u0422\u0440\u0435\u0442\u0438\u0439 \u0432\u0430\u0440\u0438\u0430\u043d\u0442", "created_at": "2015-07-15T17:37:24.825Z", "updated_at": "2015-07-15T17:37:30.307Z", "page": 25, "reflexy": null, "is_correct": true, "right_answer": false, "pair": null, "pair_type": "question"}, "model": "quizy.variant", "pk": 43}, {"fields": {"code_errors": "{}", "number": 1, "text": "\u041f\u0435\u0440\u0432\u044b\u0439 \u0432\u0430\u0440\u0438\u0430\u043d\u0442 \u043e\u0442\u0432\u0435\u0442\u0430", "created_at": "2015-07-15T17:42:25.566Z", "updated_at": "2015-07-15T18:46:35.015Z", "page": 24, "reflexy": null, "is_correct": true, "right_answer": false, "pair": null, "pair_type": "question"}, "model": "quizy.variant", "pk": 44}, {"fields": {"code_errors": "{}", "number": 1, "text": "\u0412\u0442\u043e\u0440\u043e\u0439 \u0432\u0430\u0440\u0438\u0430\u043d\u0442 \u043e\u0442\u0432\u0435\u0442\u0430", "created_at": "2015-07-15T18:46:36.947Z", "updated_at": "2015-07-15T18:49:31.251Z", "page": 24, "reflexy": null, "is_correct": true, "right_answer": false, "pair": null, "pair_type": "question"}, "model": "quizy.variant", "pk": 55}, {"fields": {"code_errors": "{}", "number": 1, "text": "\u0422\u0440\u0435\u0442\u0438\u0439 \u0432\u0430\u0440\u0438\u0430\u043d\u0442 \u043e\u0442\u0432\u0435\u0442\u0430", "created_at": "2015-07-15T18:49:32.583Z", "updated_at": "2015-07-15T18:49:40.330Z", "page": 24, "reflexy": null, "is_correct": true, "right_answer": false, "pair": null, "pair_type": "question"}, "model": "quizy.variant", "pk": 56}, {"fields": {"code_errors": "{}", "number": 1, "text": "\u0412\u0430\u0440\u0438\u0430\u043d\u0442 \u043e\u0442\u0432\u0435\u0442\u0430 1", "created_at": "2015-07-15T19:01:06.648Z", "updated_at": "2015-07-15T19:01:20.362Z", "page": 30, "reflexy": null, "is_correct": true, "right_answer": false, "pair": null, "pair_type": "question"}, "model": "quizy.variant", "pk": 57}, {"fields": {"code_errors": "{}", "number": 1, "text": "\u0412\u0430\u0440\u0438\u0430\u043d\u0442 \u043e\u0442\u0432\u0435\u0442\u0430 2", "created_at": "2015-07-15T19:01:12.402Z", "updated_at": "2015-07-15T19:01:24.878Z", "page": 30, "reflexy": null, "is_correct": true, "right_answer": false, "pair": null, "pair_type": "question"}, "model": "quizy.variant", "pk": 58}, {"fields": {"code_errors": "{}", "number": 1, "text": "\u043e\u0442\u0432\u0435\u0442", "created_at": "2015-07-15T19:01:37.451Z", "updated_at": "2015-07-15T19:01:55.412Z", "page": 52, "reflexy": null, "is_correct": true, "right_answer": false, "pair": null, "pair_type": "question"}, "model": "quizy.variant", "pk": 59}, {"fields": {"code_errors": "{}", "number": 1, "text": "\u0412\u0430\u0440\u0438\u0430\u043d\u0442 \u043e\u0442\u0432\u0435\u0442\u0430 \u0432\u0435\u0440\u043d\u044b\u0439", "created_at": "2015-07-17T20:01:53.299Z", "updated_at": "2015-07-17T20:05:10.739Z", "page": 53, "reflexy": null, "is_correct": true, "right_answer": true, "pair": null, "pair_type": "question"}, "model": "quizy.variant", "pk": 60}, {"fields": {"code_errors": "{}", "number": 1, "text": "\u0412\u0430\u0440\u0438\u0430\u043d\u0442 \u043e\u0442\u0432\u0435\u0442\u0430 \u0432\u0435\u0440\u043d\u044b\u0439", "created_at": "2015-07-17T20:02:12.061Z", "updated_at": "2015-07-17T20:05:09.705Z", "page": 53, "reflexy": null, "is_correct": true, "right_answer": true, "pair": null, "pair_type": "question"}, "model": "quizy.variant", "pk": 62}, {"fields": {"code_errors": "{}", "number": 1, "text": "\u0412\u0430\u0440\u0438\u0430\u043d\u0442 \u043e\u0442\u0432\u0435\u0442\u0430 \u043d\u0435\u0432\u0435\u0440\u043d\u044b\u0439", "created_at": "2015-07-17T20:04:57.753Z", "updated_at": "2015-07-17T20:05:09.601Z", "page": 53, "reflexy": null, "is_correct": true, "right_answer": false, "pair": null, "pair_type": "question"}, "model": "quizy.variant", "pk": 64}, {"fields": {"code_errors": "{}", "number": 1, "text": "qqq", "created_at": "2015-07-18T14:33:49.677Z", "updated_at": "2015-07-18T14:33:56.492Z", "page": 56, "reflexy": null, "is_correct": true, "right_answer": false, "pair": null, "pair_type": "question"}, "model": "quizy.variant", "pk": 72}, {"fields": {"code_errors": "{}", "number": 1, "text": "qqq2", "created_at": "2015-07-18T14:33:49.704Z", "updated_at": "2015-07-18T14:34:00.355Z", "page": 56, "reflexy": null, "is_correct": true, "right_answer": false, "pair": 72, "pair_type": "answer"}, "model": "quizy.variant", "pk": 73}, {"fields": {"code_errors": "{}", "number": 1, "text": "aaa", "created_at": "2015-07-18T14:33:50.655Z", "updated_at": "2015-07-18T14:34:02.105Z", "page": 56, "reflexy": null, "is_correct": true, "right_answer": false, "pair": null, "pair_type": "question"}, "model": "quizy.variant", "pk": 74}, {"fields": {"code_errors": "{}", "number": 1, "text": "aaa2", "created_at": "2015-07-18T14:33:50.692Z", "updated_at": "2015-07-18T14:34:05.617Z", "page": 56, "reflexy": null, "is_correct": true, "right_answer": false, "pair": 74, "pair_type": "answer"}, "model": "quizy.variant", "pk": 75}, {"fields": {"code_errors": "{}", "number": 1, "text": "\u043e\u0430\u0440\u043b\u043e\u044b\u0432\u0440\u0430 \u0430\u044b\u0432\u043e\u043b\u044b\u0432 \u043b\u044b\u043e\u0432\u0430\u0440\u043b\u043e\u044b\u0432 ((xxx, *yyy,zzz)) fsdlkjf fsdkfldskf s ((*ccc, fff, ggg )) ffff sdjfskdf [[ccc, fff, 222]] \u0430\u043e\u044b\u043b\u0432\u0430\u043e \u044b\u0432\u043e\u0430\u043b\u044b\u0432 \u0430\u044b\u0432\u043b\u043e [[ccc, fff]] fdsfsd", "created_at": "2015-07-23T15:37:20.191Z", "updated_at": "2015-07-25T19:31:29.406Z", "page": 69, "reflexy": null, "is_correct": true, "right_answer": false, "pair": null, "pair_type": "question"}, "model": "quizy.variant", "pk": 86}, {"fields": {"code_errors": "{}", "number": 1, "text": "\u041f\u0440\u0430\u0432\u0438\u043b\u044c\u043d\u044b\u0439 \u043e\u0442\u0432\u0435\u0442", "created_at": "2015-07-24T12:25:53.302Z", "updated_at": "2015-07-24T13:06:34.232Z", "page": 70, "reflexy": "\u0420\u0435\u0444\u043b\u0435\u043a\u0441\u0438\u044f \u043f\u0440\u0430\u0432\u0438\u043b\u044c\u043d\u043e\u0433\u043e \u043e\u0442\u0432\u0435\u0442", "is_correct": true, "right_answer": true, "pair": null, "pair_type": "question"}, "model": "quizy.variant", "pk": 87}, {"fields": {"code_errors": "{}", "number": 1, "text": "\u041d\u0435\u043f\u0440\u0430\u0432\u0438\u043b\u044c\u043d\u044b\u0439 \u043e\u0442\u0432\u0435\u0442", "created_at": "2015-07-24T13:01:06.677Z", "updated_at": "2015-07-24T13:06:47.556Z", "page": 70, "reflexy": "\u0420\u0435\u0444\u043b\u0435\u043a\u0441\u0438\u044f \u043d\u0435\u043f\u0440\u0430\u0432\u0438\u043b\u044c\u043d\u043e\u0433\u043e \u043e\u0442\u0432\u0435\u0442\u0430", "is_correct": true, "right_answer": false, "pair": null, "pair_type": "question"}, "model": "quizy.variant", "pk": 88}, {"fields": {"code_errors": "{}", "number": 1, "text": "\u0412\u0430\u0440\u0438\u0430\u043d\u0442 \u043e\u0442\u0432\u0435\u0442\u0430 \u043f\u0440\u0430\u0432\u0438\u043b\u044c\u043d\u044b\u0439", "created_at": "2015-07-24T16:15:31.985Z", "updated_at": "2015-07-24T17:44:12.801Z", "page": 73, "reflexy": "\u0420\u0435\u0444\u043b\u0435\u043a\u0441\u0438\u044f \u043e\u0442\u0432\u0435\u0442\u0430 \u0440\u0430\u0434\u0438\u043e", "is_correct": true, "right_answer": true, "pair": null, "pair_type": "question"}, "model": "quizy.variant", "pk": 91}, {"fields": {"code_errors": "{}", "number": 1, "text": "\u0412\u0430\u0440\u0438\u0430\u043d\u0442 \u043e\u0442\u0432\u0435\u0442\u0430 \u043d\u0435 \u043f\u0440\u0430\u0432\u0438\u043b\u044c\u043d\u044b\u0439", "created_at": "2015-07-24T17:07:44.764Z", "updated_at": "2015-07-24T17:44:16.166Z", "page": 73, "reflexy": "\u0420\u0435\u0444\u043b\u0435\u043a\u0441\u0438\u044f \u043d\u0435\u043f\u0440\u0430\u0432\u0438\u043b\u044c\u043d\u043e\u0433\u043e \u043e\u0442\u0432\u0435\u0442\u0430 \u0440\u0430\u0434\u0438\u043e", "is_correct": true, "right_answer": false, "pair": null, "pair_type": "question"}, "model": "quizy.variant", "pk": 93}, {"fields": {"code_errors": "{}", "number": 1, "text": "There are several issue with this plan.", "created_at": "2015-07-30T09:41:16.686Z", "updated_at": "2015-08-22T13:58:14.281Z", "page": 77, "reflexy": "\u0414\u043e\u043b\u0436\u043d\u043e \u0431\u044b\u0442\u044c \u043c\u043d\u043e\u0436\u0435\u0441\u0442\u0432\u0435\u043d\u043d\u043e\u0435 \u0447\u0438\u0441\u043b\u043e, \u0432\u0435\u0434\u044c '\u043d\u0435\u0441\u043a\u043e\u043b\u044c\u043a\u043e'", "is_correct": true, "right_answer": false, "pair": null, "pair_type": "question"}, "model": "quizy.variant", "pk": 96}, {"fields": {"code_errors": "{}", "number": 1, "text": "There are several issues with this plan.", "created_at": "2015-07-30T09:44:58.812Z", "updated_at": "2015-07-30T09:45:17.506Z", "page": 77, "reflexy": "\u0432\u0441\u0435 \u0432\u0435\u0440\u043d\u043e!", "is_correct": true, "right_answer": true, "pair": null, "pair_type": "question"}, "model": "quizy.variant", "pk": 97}, {"fields": {"code_errors": "{}", "number": 1, "text": "There are several isues with this plan.", "created_at": "2015-07-30T09:45:21.324Z", "updated_at": "2015-07-30T09:45:59.854Z", "page": 77, "reflexy": "\u0412 \u044d\u0442\u043e\u043c \u043f\u0440\u0435\u0434\u043b\u043e\u0436\u0435\u043d\u0438\u0438 \u0435\u0441\u0442\u044c \u043e\u0440\u0444\u043e\u0433\u0440\u0430\u0444\u0438\u0447\u0435\u0441\u043a\u0430\u044f \u043e\u0448\u0438\u0431\u043a\u0430.", "is_correct": true, "right_answer": false, "pair": null, "pair_type": "question"}, "model": "quizy.variant", "pk": 98}, {"fields": {"code_errors": "{}", "number": 1, "text": "advise", "created_at": "2015-07-30T09:48:23.852Z", "updated_at": "2015-07-30T09:49:44.576Z", "page": 78, "reflexy": null, "is_correct": true, "right_answer": false, "pair": null, "pair_type": "question"}, "model": "quizy.variant", "pk": 99}, {"fields": {"code_errors": "{}", "number": 1, "text": "at", "created_at": "2015-07-30T09:50:38.223Z", "updated_at": "2015-07-30T09:51:20.794Z", "page": 79, "reflexy": null, "is_correct": true, "right_answer": false, "pair": null, "pair_type": "question"}, "model": "quizy.variant", "pk": 100}, {"fields": {"code_errors": "{}", "number": 1, "text": "a quarter to 5", "created_at": "2015-07-30T09:50:38.669Z", "updated_at": "2015-07-30T09:51:29.303Z", "page": 79, "reflexy": null, "is_correct": true, "right_answer": false, "pair": 100, "pair_type": "answer"}, "model": "quizy.variant", "pk": 101}, {"fields": {"code_errors": "{}", "number": 1, "text": "on", "created_at": "2015-07-30T09:51:29.712Z", "updated_at": "2015-07-30T09:51:33.088Z", "page": 79, "reflexy": null, "is_correct": true, "right_answer": false, "pair": null, "pair_type": "question"}, "model": "quizy.variant", "pk": 102}, {"fields": {"code_errors": "{}", "number": 1, "text": "Friday", "created_at": "2015-07-30T09:51:30.263Z", "updated_at": "2015-07-30T09:51:49.897Z", "page": 79, "reflexy": null, "is_correct": true, "right_answer": false, "pair": 102, "pair_type": "answer"}, "model": "quizy.variant", "pk": 103}, {"fields": {"code_errors": "{}", "number": 1, "text": "in", "created_at": "2015-07-30T09:51:54.361Z", "updated_at": "2015-07-30T09:51:59.934Z", "page": 79, "reflexy": null, "is_correct": true, "right_answer": false, "pair": null, "pair_type": "question"}, "model": "quizy.variant", "pk": 104}, {"fields": {"code_errors": "{}", "number": 1, "text": "the middle of May", "created_at": "2015-07-30T09:51:54.794Z", "updated_at": "2015-07-30T09:52:11.645Z", "page": 79, "reflexy": null, "is_correct": true, "right_answer": false, "pair": 104, "pair_type": "answer"}, "model": "quizy.variant", "pk": 105}, {"fields": {"code_errors": "{}", "number": 1, "text": "I ((*appreciate, like, thank)) your [[support]]", "created_at": "2015-07-30T09:52:31.376Z", "updated_at": "2015-07-30T09:56:04.377Z", "page": 80, "reflexy": null, "is_correct": true, "right_answer": false, "pair": null, "pair_type": "question"}, "model": "quizy.variant", "pk": 106}, {"fields": {"code_errors": "{}", "number": 1, "text": "apperiate", "created_at": "2015-07-30T09:56:43.745Z", "updated_at": "2015-07-30T09:59:31.616Z", "page": 81, "reflexy": "\u0414\u0430, \u0432\u0441\u0435 \u0432\u0435\u0440\u043d\u043e! \u042d\u0442\u043e \u041e\u0427\u0415\u041d\u042c \u043f\u043e\u043f\u0443\u043b\u044f\u0440\u043d\u043e\u0435 \u0441\u043b\u043e\u0432\u043e \u0432 \u0434\u0435\u043b\u043e\u0432\u043e\u043c \u043e\u0431\u0449\u0435\u043d\u0438\u0438.", "is_correct": true, "right_answer": true, "pair": null, "pair_type": "question"}, "model": "quizy.variant", "pk": 107}, {"fields": {"code_errors": "{}", "number": 1, "text": "value", "created_at": "2015-07-30T09:58:09.150Z", "updated_at": "2015-07-30T09:59:32.443Z", "page": 81, "reflexy": "\u0414\u0430, \u044d\u0442\u043e \u0442\u043e\u0436\u0435 \u0446\u0435\u043d\u0438\u0442\u044c. \u041c\u043e\u043b\u043e\u0434\u0435\u0446!", "is_correct": true, "right_answer": true, "pair": null, "pair_type": "question"}, "model": "quizy.variant", "pk": 108}, {"fields": {"code_errors": "{}", "number": 1, "text": "thank", "created_at": "2015-07-30T09:58:47.853Z", "updated_at": "2015-07-30T09:59:21.230Z", "page": 81, "reflexy": "\"Thank\" \u043e\u0437\u043d\u0430\u0447\u0430\u0435\u0442 \u0431\u043b\u0430\u0433\u043e\u0434\u0430\u0440\u0438\u0442\u044c.", "is_correct": true, "right_answer": false, "pair": null, "pair_type": "question"}, "model": "quizy.variant", "pk": 109}, {"fields": {"code_errors": "{}", "number": 1, "text": "benefit", "created_at": "2015-08-20T10:52:41.740Z", "updated_at": "2015-08-20T10:52:58.789Z", "page": 82, "reflexy": null, "is_correct": true, "right_answer": false, "pair": null, "pair_type": "question"}, "model": "quizy.variant", "pk": 111}, {"fields": {"code_errors": "{}", "number": 1, "text": "drawback", "created_at": "2015-08-20T10:52:42.150Z", "updated_at": "2015-08-20T10:53:08.787Z", "page": 82, "reflexy": null, "is_correct": true, "right_answer": false, "pair": 111, "pair_type": "answer"}, "model": "quizy.variant", "pk": 112}, {"fields": {"code_errors": "{}", "number": 1, "text": "advantage", "created_at": "2015-08-20T10:52:45.343Z", "updated_at": "2015-08-20T10:53:16.566Z", "page": 82, "reflexy": null, "is_correct": true, "right_answer": false, "pair": null, "pair_type": "question"}, "model": "quizy.variant", "pk": 113}, {"fields": {"code_errors": "{}", "number": 1, "text": "disadvantage", "created_at": "2015-08-20T10:52:45.745Z", "updated_at": "2015-08-20T10:53:24.111Z", "page": 82, "reflexy": null, "is_correct": true, "right_answer": false, "pair": 113, "pair_type": "answer"}, "model": "quizy.variant", "pk": 114}, {"fields": {"code_errors": "{}", "number": 1, "text": "pro", "created_at": "2015-08-20T10:53:25.471Z", "updated_at": "2015-08-20T10:53:50.140Z", "page": 82, "reflexy": null, "is_correct": true, "right_answer": false, "pair": null, "pair_type": "question"}, "model": "quizy.variant", "pk": 115}, {"fields": {"code_errors": "{}", "number": 1, "text": "con", "created_at": "2015-08-20T10:53:25.884Z", "updated_at": "2015-08-20T10:53:56.711Z", "page": 82, "reflexy": null, "is_correct": true, "right_answer": false, "pair": 115, "pair_type": "answer"}, "model": "quizy.variant", "pk": 116}, {"fields": {"code_errors": "{}", "number": 1, "text": "a positive aspect", "created_at": "2015-08-20T10:53:42.485Z", "updated_at": "2015-08-20T10:54:09.946Z", "page": 82, "reflexy": null, "is_correct": true, "right_answer": false, "pair": null, "pair_type": "question"}, "model": "quizy.variant", "pk": 117}, {"fields": {"code_errors": "{}", "number": 1, "text": "a negative aspect", "created_at": "2015-08-20T10:53:42.885Z", "updated_at": "2015-08-20T10:54:19.372Z", "page": 82, "reflexy": null, "is_correct": true, "right_answer": false, "pair": 117, "pair_type": "answer"}, "model": "quizy.variant", "pk": 118}, {"fields": {"code_errors": "{}", "number": 1, "text": "Every year, millions of people decide to immigrate. This can have\nconsiderable ((*benefits, pros, aspects)) , such as living in a more stable and developed country, but also involves certain ((cons, *drawbacks, features)), which may include feelings of isolation or homesickness.", "created_at": "2015-08-20T10:55:58.325Z", "updated_at": "2015-08-20T11:32:53.430Z", "page": 83, "reflexy": null, "is_correct": true, "right_answer": false, "pair": null, "pair_type": "question"}, "model": "quizy.variant", "pk": 119}, {"fields": {"code_errors": "{}", "number": 1, "text": "Another [[negative]]  aspect may be the high cost of living in their new country.", "created_at": "2015-08-20T10:59:45.498Z", "updated_at": "2015-08-20T11:00:49.499Z", "page": 85, "reflexy": null, "is_correct": true, "right_answer": false, "pair": null, "pair_type": "question"}, "model": "quizy.variant", "pk": 121}, {"fields": {"code_errors": "{}", "number": 1, "text": "However, most people tend to find that the [[advantages]] outweigh the [[disadvantages]].", "created_at": "2015-08-20T11:02:01.725Z", "updated_at": "2015-08-20T11:02:55.776Z", "page": 86, "reflexy": null, "is_correct": true, "right_answer": false, "pair": null, "pair_type": "question"}, "model": "quizy.variant", "pk": 122}, {"fields": {"code_errors": "{}", "number": 1, "text": "pro", "created_at": "2015-08-21T07:55:47.733Z", "updated_at": "2015-08-21T08:00:33.665Z", "page": 87, "reflexy": "", "is_correct": true, "right_answer": true, "pair": null, "pair_type": "question"}, "model": "quizy.variant", "pk": 123}, {"fields": {"code_errors": "{}", "number": 1, "text": "advantage", "created_at": "2015-08-21T07:56:38.291Z", "updated_at": "2015-08-21T08:00:30.640Z", "page": 87, "reflexy": "", "is_correct": true, "right_answer": true, "pair": null, "pair_type": "question"}, "model": "quizy.variant", "pk": 124}, {"fields": {"code_errors": "{}", "number": 1, "text": "con", "created_at": "2015-08-21T07:57:37.712Z", "updated_at": "2015-08-21T07:59:04.392Z", "page": 87, "reflexy": "'con' \u043e\u0437\u043d\u0430\u0447\u0430\u0435\u0442 \u043c\u0438\u043d\u0443\u0441, \u043f\u0440\u043e\u0442\u0438\u0432, \u0442\u0430\u043a \u0432 \u0441\u043b\u043e\u0432\u0435 '\u041a\u041e\u041d\u0442\u0440\u0430\u0442\u0430\u043a\u0430'", "is_correct": true, "right_answer": false, "pair": null, "pair_type": "question"}, "model": "quizy.variant", "pk": 125}, {"fields": {"code_errors": "{}", "number": 1, "text": "pro", "created_at": "2015-08-21T08:00:59.756Z", "updated_at": "2015-08-23T04:53:03.926Z", "page": 88, "reflexy": "\u042d\u0442\u043e \u0441\u043b\u043e\u0432\u043e \u043c\u043e\u0436\u043d\u043e \u0443\u043f\u043e\u0442\u0440\u0435\u0431\u0438\u0442\u044c \u0441 \u0441\u0438\u0442\u0443\u0430\u0446\u0438\u0435\u0439. \u041d\u0430\u043f\u0440\u0438\u043c\u0435\u0440 'pros and cons of immigration'", "is_correct": true, "right_answer": false, "pair": null, "pair_type": "question"}, "model": "quizy.variant", "pk": 128}, {"fields": {"code_errors": "{}", "number": 1, "text": "advantage", "created_at": "2015-08-21T08:02:57.544Z", "updated_at": "2015-08-23T04:53:07.086Z", "page": 88, "reflexy": "\u042d\u0442\u043e \u0441\u043b\u043e\u0432\u043e \u043c\u043e\u0436\u043d\u043e \u0443\u043f\u043e\u0442\u0440\u0435\u0431\u0438\u0442\u044c \u0441 \u0441\u0438\u0442\u0443\u0430\u0446\u0438\u0435\u0439. \u041d\u0430\u043f\u0440\u0438\u043c\u0435\u0440 'An advantage of this situation'", "is_correct": true, "right_answer": false, "pair": null, "pair_type": "question"}, "model": "quizy.variant", "pk": 129}, {"fields": {"code_errors": "{}", "number": 1, "text": "strength", "created_at": "2015-08-21T08:03:02.705Z", "updated_at": "2015-08-23T04:53:11.375Z", "page": 88, "reflexy": "\u042d\u0442\u043e \u0441\u043b\u043e\u0432\u043e \u0443\u043f\u043e\u0442\u0440\u0435\u0431\u043b\u044f\u044e \u043f\u0440\u043e \u043b\u044e\u0434\u0435\u0439, \u0442.\u0435 \u0441\u0438\u043b\u044c\u043d\u0430\u044f \u0441\u0442\u043e\u0440\u043e\u043d\u0430 \u0447\u0435\u043b\u043e\u0432\u0435\u043a\u0430. \u0414\u0440\u0443\u0433\u0438\u0435 \u0436\u0435 \u0441\u043b\u043e\u0432\u0430 \u0443\u043f\u043e\u0442\u0440\u0435\u0431\u043b\u044f\u044e\u0442 \u043f\u0440\u043e \u0441\u0438\u0442\u0443\u0430\u0446\u0438\u044e.", "is_correct": true, "right_answer": true, "pair": null, "pair_type": "question"}, "model": "quizy.variant", "pk": 130}, {"fields": {"code_errors": "{}", "number": 1, "text": "benefit", "created_at": "2015-08-21T08:03:19.521Z", "updated_at": "2015-08-23T04:53:13.705Z", "page": 88, "reflexy": "\u042d\u0442\u043e \u0441\u043b\u043e\u0432\u043e \u043c\u043e\u0436\u043d\u043e \u0443\u043f\u043e\u0442\u0440\u0435\u0431\u0438\u0442\u044c \u0441 \u0441\u0438\u0442\u0443\u0430\u0446\u0438\u0435\u0439. \u041d\u0430\u043f\u0440\u0438\u043c\u0435\u0440 'the benefit of moving abroad is..'", "is_correct": true, "right_answer": false, "pair": null, "pair_type": "question"}, "model": "quizy.variant", "pk": 131}, {"fields": {"code_errors": "{}", "number": 1, "text": "\u041f\u0440\u0430\u0432\u0438\u043b\u044c\u043d\u044b\u0439 \u043e\u0442\u0432\u0435\u0442", "created_at": "2015-08-29T15:40:20.103Z", "updated_at": "2015-08-29T15:41:03.493Z", "page": 90, "reflexy": null, "is_correct": true, "right_answer": true, "pair": null, "pair_type": "question"}, "model": "quizy.variant", "pk": 133}, {"fields": {"code_errors": "{}", "number": 1, "text": "\u041f\u0440\u0430\u0432\u0438\u043b\u044c\u043d\u044b\u0439 \u043e\u0442\u0432\u0435\u0442", "created_at": "2015-08-29T15:40:44.918Z", "updated_at": "2015-08-29T15:41:04.546Z", "page": 90, "reflexy": null, "is_correct": true, "right_answer": true, "pair": null, "pair_type": "question"}, "model": "quizy.variant", "pk": 134}, {"fields": {"code_errors": "{}", "number": 1, "text": "\u041d\u0435\u043f\u0440\u0430\u0432\u0438\u043b\u044c\u043d\u044b\u0439 \u043e\u0442\u0432\u0435\u0442", "created_at": "2015-08-29T15:40:45.521Z", "updated_at": "2015-08-29T15:41:21.946Z", "page": 90, "reflexy": "\u0420\u0435\u0444\u043b\u0435\u043a\u0441\u0438\u044f \u043d\u0435\u043f\u0440\u0430\u0432\u0438\u043b\u044c\u043d\u043e\u0433\u043e \u043e\u0442\u0432\u0435\u0442", "is_correct": true, "right_answer": false, "pair": null, "pair_type": "question"}, "model": "quizy.variant", "pk": 135}, {"fields": {"code_errors": "{}", "number": 1, "text": "\u041f\u0440\u0430\u0432\u0438\u043b\u044c\u043d\u044b\u0439 \u043e\u0442\u0432\u0435\u0442", "created_at": "2015-08-29T16:05:28.493Z", "updated_at": "2015-08-29T16:08:31.398Z", "page": 91, "reflexy": null, "is_correct": true, "right_answer": true, "pair": null, "pair_type": "question"}, "model": "quizy.variant", "pk": 136}, {"fields": {"code_errors": "{}", "number": 1, "text": "\u041d\u0435\u043f\u0440\u0430\u0432\u0438\u043b\u044c\u043d\u044b\u0439 \u043e\u0442\u0432\u0435\u0442", "created_at": "2015-08-29T16:05:43.074Z", "updated_at": "2015-08-29T16:08:40.859Z", "page": 91, "reflexy": null, "is_correct": true, "right_answer": false, "pair": null, "pair_type": "question"}, "model": "quizy.variant", "pk": 137}, {"fields": {"code_errors": "{}", "number": 1, "text": "\u043f\u0430\u0440\u0430 1", "created_at": "2015-08-29T16:12:30.122Z", "updated_at": "2015-08-29T16:12:45.713Z", "page": 92, "reflexy": null, "is_correct": true, "right_answer": false, "pair": null, "pair_type": "question"}, "model": "quizy.variant", "pk": 138}, {"fields": {"code_errors": "{}", "number": 1, "text": "\u043f\u0430\u0440\u0430 1", "created_at": "2015-08-29T16:12:30.152Z", "updated_at": "2015-08-29T16:12:48.493Z", "page": 92, "reflexy": null, "is_correct": true, "right_answer": false, "pair": 138, "pair_type": "answer"}, "model": "quizy.variant", "pk": 139}, {"fields": {"code_errors": "{}", "number": 1, "text": "\u043f\u0430\u0440\u0430 2", "created_at": "2015-08-29T16:12:40.960Z", "updated_at": "2015-08-29T16:12:50.894Z", "page": 92, "reflexy": null, "is_correct": true, "right_answer": false, "pair": null, "pair_type": "question"}, "model": "quizy.variant", "pk": 140}, {"fields": {"code_errors": "{}", "number": 1, "text": "\u043f\u0430\u0440\u0430 2", "created_at": "2015-08-29T16:12:40.986Z", "updated_at": "2015-08-29T16:12:53.603Z", "page": 92, "reflexy": null, "is_correct": true, "right_answer": false, "pair": 140, "pair_type": "answer"}, "model": "quizy.variant", "pk": 141}, {"fields": {"number_of_attempt": 0, "success": true, "created_at": "2015-08-31T18:19:47.101Z", "learner": 6, "updated_at": "2015-08-31T18:21:16.272Z", "reason": null, "lesson": 61, "data": "{}"}, "model": "quizy.statistic", "pk": 4}, {"fields": {"number_of_attempt": 0, "success": true, "created_at": "2015-08-31T18:30:22.272Z", "learner": 6, "updated_at": "2015-09-28T09:25:47.384Z", "reason": null, "lesson": 47, "data": "{}"}, "model": "quizy.statistic", "pk": 5}, {"fields": {"number_of_attempt": 0, "success": true, "created_at": "2015-09-10T09:47:48.448Z", "learner": 6, "updated_at": "2015-09-28T09:31:05.095Z", "reason": null, "lesson": 59, "data": "{}"}, "model": "quizy.statistic", "pk": 6}, {"fields": {"number_of_attempt": 0, "success": true, "created_at": "2015-09-20T00:28:29.948Z", "learner": 6, "updated_at": "2015-09-28T09:31:27.469Z", "reason": null, "lesson": 60, "data": "{}"}, "model": "quizy.statistic", "pk": 7}, {"fields": {"number_of_attempt": 0, "success": true, "created_at": "2015-09-22T11:35:58.761Z", "learner": 6, "updated_at": "2015-09-28T09:31:33.883Z", "reason": null, "lesson": 62, "data": "{}"}, "model": "quizy.statistic", "pk": 8}, {"fields": {"number_of_attempt": 4, "success": false, "created_at": "2015-09-30T09:32:40.969Z", "learner": 6, "updated_at": "2015-09-30T09:32:40.969Z", "reason": null, "lesson": 39, "data": "{}"}, "model": "quizy.statistic", "pk": 9}, {"fields": {"number_of_attempt": 5, "success": false, "created_at": "2015-09-30T09:32:49.856Z", "learner": 6, "updated_at": "2015-09-30T09:32:49.856Z", "reason": null, "lesson": 41, "data": "{}"}, "model": "quizy.statistic", "pk": 10}]