PRAGMA foreign_keys=OFF;
BEGIN TRANSACTION;
CREATE TABLE "quizy_course" ("id" integer NOT NULL PRIMARY KEY AUTOINCREMENT, "uuid" char(32) NOT NULL UNIQUE, "created_at" datetime NOT NULL, "updated_at" datetime NOT NULL, "is_active" bool NOT NULL, "description" text NOT NULL, "code_errors" text NULL, "is_correct" bool NOT NULL, "picture" varchar(100) NULL, "created_by_id" integer NULL REFERENCES "account_account" ("id"), "name" varchar(140) NULL);
INSERT INTO "quizy_course" VALUES(1,'bf75428a324611e5aaf2a8206656fa77','2015-07-21 08:36:35.943147','2015-10-09 14:15:06.291113',1,'Экзамен IELTS (Международная система тестирования знания английского языка) - это система оценки, разработанная для подтверждения уровня владения языковыми навыками.
','{}',1,'',1,'Курс подготовки к IELTS');
INSERT INTO "quizy_course" VALUES(2,'1ccf6ca66452460b8aa02999565f9a79','2015-08-29 15:39:22.499795','2015-08-29 15:39:22.499832',1,'','{}',1,'',1,'Тестовый курс для демонстрации');
CREATE INDEX "quizy_course_e93cb7eb" ON "quizy_course" ("created_by_id");
COMMIT;
PRAGMA foreign_keys=OFF;
BEGIN TRANSACTION;
CREATE TABLE "quizy_course_teacher" ("id" integer NOT NULL PRIMARY KEY AUTOINCREMENT, "course_id" integer NOT NULL REFERENCES "quizy_course" ("id"), "account_id" integer NOT NULL REFERENCES "account_account" ("id"), UNIQUE ("course_id", "account_id"));
INSERT INTO "quizy_course_teacher" VALUES(14,2,8);
INSERT INTO "quizy_course_teacher" VALUES(19,1,10);
INSERT INTO "quizy_course_teacher" VALUES(20,1,7);
CREATE INDEX "quizy_course_teacher_ea134da7" ON "quizy_course_teacher" ("course_id");
CREATE INDEX "quizy_course_teacher_8a089c2a" ON "quizy_course_teacher" ("account_id");
COMMIT;
PRAGMA foreign_keys=OFF;
BEGIN TRANSACTION;
CREATE TABLE "quizy_courseenroll" ("id" integer NOT NULL PRIMARY KEY AUTOINCREMENT, "uuid" char(32) NOT NULL UNIQUE, "created_at" datetime NOT NULL, "updated_at" datetime NOT NULL, "last_data" datetime NULL, "number_of_attempt" integer NOT NULL, "success" bool NULL, "is_archive" bool NOT NULL, "date_archive" datetime NULL, "course_id" integer NULL REFERENCES "quizy_course" ("id"), "created_by_id" integer NOT NULL REFERENCES "account_account" ("id"), "learner_id" integer NOT NULL REFERENCES "account_account" ("id"), "auto_enroll" bool NOT NULL, "data" text NULL);
CREATE INDEX "quizy_courseenroll_ea134da7" ON "quizy_courseenroll" ("course_id");
CREATE INDEX "quizy_courseenroll_e93cb7eb" ON "quizy_courseenroll" ("created_by_id");
CREATE INDEX "quizy_courseenroll_f151c97f" ON "quizy_courseenroll" ("learner_id");
COMMIT;
PRAGMA foreign_keys=OFF;
BEGIN TRANSACTION;
CREATE TABLE "quizy_lesson" ("id" integer NOT NULL PRIMARY KEY AUTOINCREMENT, "uuid" char(32) NOT NULL UNIQUE, "created_at" datetime NOT NULL, "updated_at" datetime NOT NULL, "is_active" bool NOT NULL, "name" varchar(140) NULL, "number" integer NOT NULL, "description" text NOT NULL, "code_errors" text NULL, "is_correct" bool NOT NULL, "picture" varchar(100) NULL, "course_id" integer NULL REFERENCES "quizy_course" ("id"), "created_by_id" integer NULL REFERENCES "account_account" ("id"), "lesson_type" varchar(10) NOT NULL, "path_content" varchar(255) NULL, "timer" integer NULL, "full_lesson_type" integer NOT NULL, "is_public" bool NOT NULL, "media" varchar(100) NULL);
INSERT INTO "quizy_lesson" VALUES(15,'50db0cd1-309c-11e5-bff3-a8206656fa77','2015-07-05 13:14:08.703842','2015-07-22 18:06:03.572143',1,'dddddddssr',2,'xxxx','{}',1,'lessons/15/lesson_7768.png',1,1,'inside',NULL,NULL,'inside',0,NULL);
INSERT INTO "quizy_lesson" VALUES(16,'165177cc-309c-11e5-a6df-a8206656fa77','2015-07-05 13:15:10.662433','2015-07-22 18:04:25.436191',1,'11111',1,'Описание урока','{}',1,'',1,1,'inside',NULL,NULL,'inside',0,NULL);
INSERT INTO "quizy_lesson" VALUES(31,'a0fde0c5-32fa-11e5-b9aa-a8206656fa77','2015-07-22 21:40:15.261902','2015-07-25 18:26:12.887735',1,'Тестовый урока Active тестирование ввода слов в тексте',3,'Описание тестового урока Active','{}',1,'',1,1,'inside',NULL,NULL,'inside',0,NULL);
INSERT INTO "quizy_lesson" VALUES(32,'9489b9a3-3226-11e5-b67e-a8206656fa77','2015-07-24 12:22:12.267283','2015-07-24 17:08:18.687164',1,'Тестирование рефлексии ответа',4,'Описание тестирование рефлексии ответа','{}',1,'',1,1,'inside',NULL,NULL,'inside',0,NULL);
INSERT INTO "quizy_lesson" VALUES(39,'ba8cf464-36a1-11e5-8a67-ffcafb14d511','2015-07-30 09:40:38.978106','2015-07-30 09:59:55.210544',1,'Olga''s test 1',5,'Olga''s test 1','{}',1,'lessons/39/lesson_9988.png',1,7,'inside',NULL,NULL,'inside',0,NULL);
INSERT INTO "quizy_lesson" VALUES(40,'ca1dc35e4cd111e58170e395a83e09e4','2015-08-16 06:17:29.028746','2015-08-30 08:42:56.758021',1,'Тренажёр общения',10,'','{}',1,'',1,7,'outside','1',600,2,0,'');
INSERT INTO "quizy_lesson" VALUES(41,'c3fc2380-4a92-11e5-9ba2-4d7b92d18424','2015-08-20 10:34:54.966658','2015-08-24 19:03:11.843258',1,'Полезные слова для эссе (1)',7,'Потренируем слова, которые пригодятся Вам при написание эссе','{}',1,'lessons/41/lesson_9437.png',1,7,'inside','',NULL,'inside',0,NULL);
INSERT INTO "quizy_lesson" VALUES(42,'c291b9ba4cd111e587dafb6444389925','2015-08-23 05:09:03.294527','2015-08-30 08:42:04.399724',1,'Тренажер писем',8,'тест тест','{"202": "\u041d\u0435\u0442 \u043d\u0438 \u043e\u0434\u043d\u043e\u0439 \u0441\u0442\u0440\u0430\u043d\u0438\u0446\u044b \u0443\u0440\u043e\u043a\u0430"}',1,'',1,7,'outside','1',NULL,2,0,'');
INSERT INTO "quizy_lesson" VALUES(47,'2aad90544d7811e58bca03426b361ead','2015-08-28 07:29:44.536086','2015-10-20 08:15:16.176677',1,'IELTS letters (1)',0,'<b>You have several library books that you are unable to return because a family member living in another city has fallen ill and you must go and take care of him/her.&nbsp;</b><p><span style="line-height: 1.45em; background-color: initial;"><br></span></p><p><span style="line-height: 1.45em; background-color: initial;">Write a letter to the library explaining the situation. In your letter</span><br></p><p></p><p></p><ul><li><span style="line-height: 1.45em; background-color: initial;">apologize for the inconvenience caused and</span></li><li><span style="line-height: 1.45em; background-color: initial;">explain what you will do to get your books returned.&nbsp;</span><br></li></ul><p></p><p>You should write at least 150 words.
</p><p></p>
','{}',1,'lessons/2aad9054/lesson_4948.png',1,10,'outside','1',1200,2,0,'lessons/2aad9054/media_6377.jpg');
INSERT INTO "quizy_lesson" VALUES(48,'18ac740b90d0437cb06244dd8ae889fc','2015-08-29 15:39:35.898547','2015-08-29 16:12:50.802491',1,'Тестовый урока',1,'Тестовый урок для демонстрации','{}',1,'lessons/18ac740b/lesson_3005.png',2,8,'inside',NULL,NULL,'inside',0,'');
INSERT INTO "quizy_lesson" VALUES(58,'d8809db25f284ec59d01760c8cebcb6b','2015-08-31 08:10:56.517026','2015-08-31 08:11:49.598048',1,'IELTS Letter (2)',10,'Practicing IELTS General Writing (part 1)','{"202": "\u041d\u0435\u0442 \u043d\u0438 \u043e\u0434\u043d\u043e\u0439 \u0441\u0442\u0440\u0430\u043d\u0438\u0446\u044b \u0443\u0440\u043e\u043a\u0430"}',0,'lessons/d8809db2/lesson_4564.png',1,10,'inside',NULL,NULL,1,0,'');
INSERT INTO "quizy_lesson" VALUES(59,'5ff16a3879f14b72ad243db6849f9710','2015-08-31 08:48:49.498521','2015-10-20 08:15:25.265142',1,'IELTS letters (2)',0,'<b>You are organising a trip to the Snowy Mountains in New South Wales for a group of students from Perth in Western Australia.&nbsp;</b><p><span style="line-height: 1.45em; background-color: initial;">Write to the manager of Student Hostel Services and explain:&nbsp;</span><br></p><p><ul><li><span style="line-height: 1.45em; background-color: initial;">when you want to visit the Snowy Mountains;</span><br></li><li><span style="line-height: 1.45em; background-color: initial;">how long you will stay;</span><br></li><li><span style="line-height: 1.45em; background-color: initial;">how many students are in your party, and&nbsp;</span><br></li><li><span style="line-height: 1.45em; background-color: initial;">what accommodation you will require.&nbsp;</span><br></li></ul></p><p><span style="line-height: 1.45em; background-color: initial;">You should write at least 150 words.</span><br></p>
','{}',1,'lessons/5ff16a38/lesson_1805.png',1,10,'outside','1',1200,2,0,'lessons/5ff16a38/media_2682.png');
INSERT INTO "quizy_lesson" VALUES(60,'3d5cd4ca0f984d53be1b51a6ba7d77c5','2015-08-31 08:54:19.960941','2015-10-20 08:14:30.119803',1,'IELTS letters (3)',0,'<b>You recently bought an item of clothing from a shop. You discovered that it had a fault and returned it to the shop for replacement or refund. However, the assistant told you that this was against the store''s policy.&nbsp;</b><p>Write a letter to the store manager. In your letter</p><p><ul><li><span style="line-height: 1.45em; background-color: initial;">explain the problems you have had</span></li><li><span style="line-height: 1.45em; background-color: initial;">ask  for a refund or exchange on the item.&nbsp;</span></li></ul><span style="line-height: 1.45em; background-color: initial;">You should write at least 150 words.</span><br></p>
','{}',1,'lessons/3d5cd4ca/lesson_5907.png',1,10,'outside','1',1200,2,0,'lessons/3d5cd4ca/media_9154.JPG');
INSERT INTO "quizy_lesson" VALUES(61,'62327f06c254482caefa871c6025fddb','2015-08-31 09:00:32.423623','2015-10-20 08:13:52.762882',1,'IELTS letters (4)',0,'<b>You have a friend who lives in a city abroad. You have decided that you would like to apply to do a course at one of the colleges in his/her city.&nbsp;</b><p><span style="line-height: 1.45em; background-color: initial;">Write to your friend explaining what you would like to do. In your letter</span></p><p></p><ul><li><span style="background-color: initial;"><span style="line-height: 1.45em;">ask if you could stay with them while you are looking for&nbsp;</span>accommodation<span style="line-height: 1.45em;">&nbsp;&nbsp;</span></span></li><li><span style="background-color: initial;"><span style="line-height: 1.45em;">ask your friend for advice regarding&nbsp;</span>accommodation<span style="line-height: 1.45em;">&nbsp;</span></span></li></ul><p></p><p><span style="line-height: 1.45em; background-color: initial;">You should write at least 150 words.</span></p>
','{}',1,'lessons/62327f06/lesson_9132.png',1,10,'outside','1',1200,2,0,'lessons/62327f06/media_3978.jpg');
INSERT INTO "quizy_lesson" VALUES(62,'0f9a7b7a711b4abaa90e36d5690ff498','2015-08-31 09:06:22.971694','2015-10-19 08:17:46.454024',1,'IELTS letters (5)',0,'<b>You have had a bank account for a few years. Recently you received a letter from the hank stating that your account is $240 overdrawn and that
you will he charged $70 which will be taken directly from your account. You know that this information is incorrect.&nbsp;</b><div><br></div><div>Write a letter to the bank. Explain what has happened and say what you would like them to do about it.&nbsp;</div><div>&nbsp;You should write at least 150 words.
</div>','{}',1,'lessons/0f9a7b7a/lesson_8744.png',1,10,'outside','1',1200,2,0,'lessons/0f9a7b7a/media_5106.JPG');
INSERT INTO "quizy_lesson" VALUES(63,'55a0ebede0c04174a6b66c05354a23c8','2015-10-09 05:02:40.680225','2015-10-19 08:19:36.540456',1,'IELTS essay general - 1',0,'<b>The choice to smoke is made by smokers, who are aware of potential harm. Therefore, smokers should  expect to pay more for medical treatment than non-smokers.&nbsp;</b><p><br></p><p>To what extent do you agree with this statement?&nbsp;</p><p></p><p>You should write at least 250 words.&nbsp;</p><p></p>
','{}',1,'lessons/55a0ebed/lesson_8872.png',1,10,'outside','1',2400,2,0,'lessons/55a0ebed/media_107.JPG');
INSERT INTO "quizy_lesson" VALUES(64,'263807cb76024146abde7e55e3489df0','2015-10-09 05:13:28.970529','2015-10-19 08:22:17.292900',1,'IELTS essay general - 2',0,'<b>International entertainers, including sports personalities, often get paid millions of dollars per year. In your view, with widespread poverty in the world, are these huge earnings justified? Should there be a limit on how much one person can earn?&nbsp;</b><div><span style="line-height: 1.45em; background-color: initial;"><br></span></div><div><span style="line-height: 1.45em; background-color: initial;">Discuss this topic and provide reasons for your answer.&nbsp;</span></div><div><span style="line-height: 1.45em; background-color: initial;">You should write at least 250 words.&nbsp;</span><br></div>','{}',1,'lessons/263807cb/lesson_7908.png',1,10,'outside','1',2400,2,0,'lessons/263807cb/media_8515.JPG');
INSERT INTO "quizy_lesson" VALUES(65,'4095f97a02d04aa29ddc1e7bb65364f0','2015-10-09 05:21:37.766057','2015-10-19 08:23:28.876134',1,'IELTS essay general - 3',0,'<b>Parents are the best teachers.&nbsp;</b><div><b><br></b><div><span style="line-height: 1.45em; background-color: initial;">To what extent do you agree/disagree with this statement?</span><b style="line-height: 1.45em; background-color: initial;">&nbsp;</b><span style="line-height: 1.45em; background-color: initial;">Use specific reasons and examples to support your answer.

You should write at least 250 words.</span></div></div>','{}',1,'lessons/4095f97a/lesson_810.png',1,1,'outside','1',2400,2,0,'lessons/4095f97a/media_2622.JPG');
INSERT INTO "quizy_lesson" VALUES(66,'7b991df490c94e12af48bf7a0ae8b207','2015-10-09 05:50:29.005606','2015-10-19 08:30:30.473181',1,'IELTS essay general - 4',0,'<b>Nowadays food is much &nbsp;easier to prepare than 100-200 years ago. Is it a positive or a negative change?&nbsp;</b><div><br><div>Discuss and provide reasons and examples to support your answer.&nbsp;</div><div>You should write at least 250 words.&nbsp;</div></div>','{}',1,'lessons/7b991df4/lesson_1699.png',1,1,'outside','1',2400,2,0,'lessons/7b991df4/media_1233.JPG');
INSERT INTO "quizy_lesson" VALUES(67,'d5fe0b6c7cd64990bc5571469e03fe99','2015-10-09 05:54:14.067035','2015-10-19 08:31:58.947792',1,'IELTS essay general - 5',0,'<b>As computers are increasingly being used in education, there will be soon no role for teachers in the classroom.&nbsp;</b><div>To what extent do you agree/disagree with this statement? Provide reasons and examples to support your answer.&nbsp;</div><div>You should write at least 250 words.&nbsp;</div>','{}',1,'lessons/d5fe0b6c/lesson_2010.png',1,10,'outside','1',2400,2,0,'lessons/d5fe0b6c/media_1128.JPG');
INSERT INTO "quizy_lesson" VALUES(68,'1434f52ca76b4516be08125d3500fb84','2015-10-16 00:32:11.628789','2015-10-19 08:33:44.311905',1,'IELTS essay general - 6',0,'<b>Compare and contrast knowledge gained from practical experience with knowledge gained from reading. 

In your opinion, which source is more important? Why?&nbsp;</b><div><br><div>You should write at least 250 words.</div></div>','{}',1,'lessons/1434f52c/lesson_7177.png',1,10,'outside','1',2400,2,0,'');
INSERT INTO "quizy_lesson" VALUES(69,'f3d1f2c094624bc5a81af870e5fb5f05','2015-10-16 00:33:52.326425','2015-10-19 08:38:55.552983',1,'IELTS essay general - 7',0,'<p><b>S</b><b>ome
people think that it is important to use leisure time for activities that
improve the mind, such as reading and doing word puzzles.</b><b>Other</b><b>s</b><b> <span>feel that it is important
to rest the mind during leisure time. Is resting one''s mind critical for our&nbsp;well-being&nbsp;or should we use any opportunity to improve our mind?&nbsp;</span></b></p>You should write at least 250 words.&nbsp;','{}',1,'lessons/f3d1f2c0/lesson_4233.png',1,1,'outside','1',2400,2,0,'');
INSERT INTO "quizy_lesson" VALUES(70,'ab11596363f34a359d381e1dc38cbebc','2015-10-16 00:37:45.131333','2015-10-19 08:40:05.646297',1,'IELTS essay general - 8',0,'<b>Most high level jobs are done by men, therefore governments should reserve a certain percentage of these jobs for women.&nbsp;</b><div>To what extent do you agree or disagree with this statement?&nbsp;<p><br></p><div>You should write at least 250 words.<p></p></div>
</div>','{}',1,'lessons/ab115963/lesson_2584.png',1,10,'outside','1',2400,2,0,'');
INSERT INTO "quizy_lesson" VALUES(71,'4adf0a70a20543ad9cfdda4858485193','2015-10-16 00:43:49.218448','2015-10-19 08:42:06.736986',1,'IELTS essay general - 9',0,'<b>Famous people attract a lot of media attention. Is the lack of privacy an essential element of being famous or should famous people be protected from privacy invasion?&nbsp;</b><div><br><div>Discuss and give your opinion. 

You should write at least 250 words.</div></div>','{}',1,'lessons/4adf0a70/lesson_7101.png',1,10,'outside','1',2400,2,0,'');
INSERT INTO "quizy_lesson" VALUES(72,'35983694c2394f1b80eec16eb5b44acf','2015-10-16 00:45:29.628201','2015-10-19 08:43:24.236830',1,'IELTS essay general - 10',0,'<b>Should developing countries concentrate on improving industrial skills or should they promote education first?</b><div>&nbsp;<div>Express your opinion and give reasons and examples to support your answer.&nbsp;</div><div>You should write at least 250 words.</div></div>','{}',1,'lessons/35983694/lesson_529.png',1,10,'outside','1',2400,2,0,'');
INSERT INTO "quizy_lesson" VALUES(73,'cf0a00097c9842d595f573aa7adaa571','2015-10-16 00:46:44.827552','2015-10-19 08:44:57.395521',1,'IELTS essay general - 11',0,'<div><p><b>We are becoming increasingly dependent on computers. They are used in business,&nbsp;<span style="line-height: 1.45em; background-color: initial;">hospitals, crime detection and even to fly planes. What things will they be used in the&nbsp;</span><span style="line-height: 1.45em; background-color: initial;">future? Is this dependence on computers a good thing or should we be more suspicious&nbsp;</span><span style="line-height: 1.45em; background-color: initial;">of their benefits?</span></b></p></div><div>You should write at least 250 words.&nbsp;</div>','{}',1,'lessons/cf0a0009/lesson_7399.png',1,10,'outside','1',2400,2,0,'');
INSERT INTO "quizy_lesson" VALUES(74,'1f26a3a1f7b248a59318b4b77fe47da2','2015-10-16 00:48:23.780008','2015-10-19 08:45:43.908178',1,'IELTS essay general - 12',0,'<b>Has modern technology improved our lives, or was life better when technology was simpler?</b><div>Discuss and provide reasons and examples to support your answer.&nbsp;</div><div>You should write at least 250 words.&nbsp;</div>','{}',1,'lessons/1f26a3a1/lesson_243.png',1,10,'outside','1',2400,2,0,'');
INSERT INTO "quizy_lesson" VALUES(75,'eaafd54d35ae4bb0b2b4aa225afe2282','2015-10-16 00:50:18.098709','2015-10-19 08:50:15.984541',1,'IELTS essay general - 13',0,'<b>Some people believe that schools are trying to teach children too many subjects. They feel that children will learn more if they focused on fewer subjects.&nbsp;</b><div>To what extent do you agree/disagree with this opinion?&nbsp;<div><br><div>You should write at least 250 words.&nbsp;</div></div></div>','{}',1,'lessons/eaafd54d/lesson_1065.png',1,10,'outside','1',2400,2,0,'');
INSERT INTO "quizy_lesson" VALUES(76,'3e895b0b78bb489ca00be13c351b23d0','2015-10-16 00:52:17.138338','2015-10-19 08:52:49.674439',1,'IELTS essay general - 14',0,'<div><b>Nowadays we are producing more and more rubbish. Why do you think this is happening and what can governments do to help reduce the amount of rubbish produced?&nbsp;</b></div>Give reasons for your answer and include any relevant examples from your own knowledge or experience.&nbsp;<div><br><div>You should write at least 250 words.&nbsp;</div></div>','{}',1,'lessons/3e895b0b/lesson_689.png',1,10,'outside','1',2400,2,0,'');
INSERT INTO "quizy_lesson" VALUES(77,'b8aba214d503418793cf38a105df5f5d','2015-10-16 00:54:15.480757','2015-10-19 08:53:30.666445',1,'IELTS essay general - 15',0,'<b>If children behave badly, the parents should accept the responsibility for their children and also be punished.&nbsp;</b><div>To what extent do you agree/disagree with this statement? Use reasons and examples to support your answer.&nbsp;</div><div>You should write at least 250 words.&nbsp;</div>','{}',1,'lessons/b8aba214/lesson_137.png',1,10,'outside','1',2400,2,0,'');
INSERT INTO "quizy_lesson" VALUES(78,'875407328599466d8942ad5b75047825','2015-10-16 00:56:13.054575','2015-10-19 08:54:58.009181',1,'IELTS essay general - 16',0,'<b>PE (Physical Education/Sports) classes should be excluded from final years of school so that students can concentrate on academic subjects.&nbsp;</b><div><span style="line-height: 1.45em; background-color: initial;">To what extent do you agree/disagree with this statement? Use reasons and examples to support your answer.&nbsp;</span><div>You should write at least 250 words.&nbsp;</div></div>','{}',1,'lessons/87540732/lesson_1811.png',1,10,'outside','1',2400,2,0,'');
INSERT INTO "quizy_lesson" VALUES(79,'14525760bf7e4a2ba638fc95d4f82f85','2015-10-16 01:01:39.205816','2015-10-19 08:55:48.157043',1,'IELTS essay general - 17',0,'<b>Will modern technology such as the Internet and E-books ever replace paper books?</b> Why or why not?&nbsp;<div>Give your opinion and provide reasons and examples to support your answer.&nbsp;</div><div>You should write at least 250 words.&nbsp;</div>','{}',1,'lessons/14525760/lesson_608.png',1,10,'outside','1',2400,2,0,'');
INSERT INTO "quizy_lesson" VALUES(80,'8e7c7c8b993f4922bffa6f38a48840ea','2015-10-16 01:05:53.113379','2015-10-19 08:58:33.500459',1,'IELTS essay general - 18',0,'<b>Some people believe that families are not as close as they used to be. Do you agree/disagree with this opinion?&nbsp;</b><br><div>Give reasons and examples to support your answer.&nbsp;</div><div><br><div>You should write at least 250 words.&nbsp;</div></div>','{}',1,'lessons/8e7c7c8b/lesson_3622.png',1,10,'outside','1',2400,2,0,'');
INSERT INTO "quizy_lesson" VALUES(81,'f5fe14d2f37b4f84b99953120d4cc752','2015-10-16 01:08:33.565616','2015-10-19 08:59:05.478735',1,'IELTS essay general - 19',0,'<b>In the past, buildings often reflected the culture of a society but today all modern buildings look alike and cities throughout the world are becoming more and more similar.</b>&nbsp;<div>What do you think about this trend?&nbsp;<div>Give your opinion and provide reasons and examples to support your answer.&nbsp;</div><div>You should write at least 250 words.&nbsp;</div></div>','{}',1,'lessons/f5fe14d2/lesson_8156.png',1,10,'outside','1',2400,2,0,'');
INSERT INTO "quizy_lesson" VALUES(82,'d84a9bb1525f44eaa686321d3e598100','2015-10-16 01:12:59.726316','2015-10-19 09:00:24.527275',1,'IELTS essay  general- 20',0,'<b>Many people believe that women make better parents than men and that this is why they have traditionally had the greater role in raising children in most societies. Others claim that men are just as good as women at parenting.</b>&nbsp;<div><br><div>Give your opinion and provide reasons and examples to support your answer.&nbsp;</div><div>You should write at least 250 words.</div></div>','{}',1,'lessons/d84a9bb1/lesson_2239.png',1,10,'outside','1',2400,2,0,'');
INSERT INTO "quizy_lesson" VALUES(83,'4a61413fa96040dc8ac590eb59eb33f2','2015-10-16 01:16:00.937339','2015-10-19 09:01:18.900666',1,'IELTS essay general- 21',0,'<b>There are too many cars on the roads and governments should introduce restrictions on car use.&nbsp;</b><div><div>To what extent do you agree/disagree with this statement?&nbsp;</div><div>Provide reasons and examples to support your answers.&nbsp;</div><div>You should write at least 250 words.</div></div>','{}',1,'lessons/4a61413f/lesson_1137.png',1,10,'outside','1',2400,2,0,'');
INSERT INTO "quizy_lesson" VALUES(84,'7df6a307c8d544ac97883c94d216408e','2015-10-16 01:21:46.535652','2015-10-19 09:01:59.398648',1,'IELTS essay  general- 22',0,'<b>The world population is growing and it’s important to control the number of children that families can have. If a couple would like to have more than 2 children, they should pay higher taxes.</b>&nbsp;<div>To what extent do you agree or disagree with this statement?&nbsp;</div><div>Give reasons and examples to support your answer.&nbsp;</div><div>You should write at least 250 words.</div>','{}',1,'lessons/7df6a307/lesson_9112.png',1,10,'outside','1',2400,2,0,'');
INSERT INTO "quizy_lesson" VALUES(85,'1f95fb573cc3451e855ffcc9a89e0267','2015-10-16 01:29:06.844826','2015-10-19 09:03:00.583875',1,'IELTS essay  general- 23',0,'<b>Television programs harm most children. </b>To what extent do you agree or disagree with this statement?&nbsp;<div>Provide reasons and examples to support your answer.&nbsp;</div><div>You should write at least 250 words.&nbsp;</div>','{}',1,'lessons/1f95fb57/lesson_7206.png',1,10,'outside','1',2400,2,0,'');
INSERT INTO "quizy_lesson" VALUES(86,'6aefd2512beb499b975bb61bf93dc408','2015-10-16 01:30:44.283187','2015-10-19 09:05:18.659495',1,'IELTS essay  general- 24',0,'<b>In some societies more and more people choose to live alone. Why do you think this is? What are the advantages and disadvantages of living alone?&nbsp;</b><div><span style="line-height: 1.45em; background-color: initial;">Give reasons for your answer and include any relevant examples for your own knowledge or experience.&nbsp;</span></div><div><span style="line-height: 1.45em; background-color: initial;">You should write at least 250 words.&nbsp;</span></div>','{}',1,'lessons/6aefd251/lesson_1821.png',1,10,'outside','1',2400,2,0,'');
INSERT INTO "quizy_lesson" VALUES(87,'ec1e205214e04151914f7c0977c63ff5','2015-10-16 01:33:01.006627','2015-10-19 09:05:50.270960',1,'IELTS essay  general- 25',0,'<b>It has been more than 30 years since man first landed on the moon. Some people think that space research is a waste of money and that the resources would have been better spent on improving people’s lives.&nbsp;</b><div>To what extent do you agree or disagree with this statement?&nbsp;</div><div>Give reasons and examples to support your answer.&nbsp;</div><div>You should write at least 250 words.&nbsp;</div>','{}',1,'lessons/ec1e2052/lesson_9387.png',1,10,'outside','1',2400,2,0,'');
INSERT INTO "quizy_lesson" VALUES(88,'73da5bc5ed304632bfbbb092915cecf0','2015-10-16 01:38:58.885744','2015-10-20 08:10:37.945377',1,'IELTS letters (6)',0,'<b>You mistakenly left something valuable on a train.&nbsp;</b><p>Write a letter to the train company explaining the situation. In your letter</p><p><ul><li><span style="line-height: 1.45em; background-color: initial;">describe the item you left behind and&nbsp;</span></li><li><span style="line-height: 1.45em; background-color: initial;">describe what you hope the company will do to help you.&nbsp;</span><br></li></ul></p><p>You should write at least 150 words.
</p>
','{}',1,'lessons/73da5bc5/lesson_5216.png',1,10,'outside','1',1200,2,0,'');
INSERT INTO "quizy_lesson" VALUES(89,'bbe0e68523e54a7ab4aa3ebc5b6fd44e','2015-10-16 01:40:02.575520','2015-10-20 08:08:57.361819',1,'IELTS letters (7)',0,'<b>You wish to participate in a work-related seminar in another city.&nbsp;</b><p>
Write a letter to the seminar organizer. In your letter</p><p><ul><li><span style="line-height: 1.45em; background-color: initial;">ask for detailed information regarding the dates, program, accommodations and cost.&nbsp;</span><br></li></ul></p><p>You should write at least 150 words.
</p>
','{}',1,'lessons/bbe0e685/lesson_9844.png',1,10,'outside','1',1200,2,0,'');
INSERT INTO "quizy_lesson" VALUES(90,'2d6456734a954de086f0ccbe8e846b2a','2015-10-16 01:41:27.860588','2015-10-20 08:08:20.204804',1,'IELTS letters (8)',0,'<b>You purchased a new camera; within a few days, you discover it has a major flaw.&nbsp;</b><p>Write a letter to the manufacturer. 
In your letter&nbsp;</p><p><ul><li><span style="line-height: 1.45em; background-color: initial;">introduce yourself</span></li><li><span style="line-height: 1.45em; background-color: initial;">explain the situation</span></li><li><span style="line-height: 1.45em; background-color: initial;">state what action you would like the manufacturer to take.&nbsp;</span><br></li></ul></p><p>You should write at least 150 words.
</p>
','{}',1,'lessons/2d645673/lesson_9039.png',1,1,'outside','1',1200,2,0,'');
INSERT INTO "quizy_lesson" VALUES(91,'db843e01ae814e97b126a4ce94e161d4','2015-10-16 01:42:42.283177','2015-10-20 08:07:59.286135',1,'IELTS letters (9)',0,'<b>You recently accepted a part-time job. After a few weeks you find that there are several problems with the job.</b>&nbsp;<p>Write a letter to the manager of the company. In your letter&nbsp;</p><p><ul><li><span style="line-height: 1.45em; background-color: initial;">describe the problems that you experienced and&nbsp;</span></li><li><span style="line-height: 1.45em; background-color: initial;">suggest what could be done about them.&nbsp;</span><br></li></ul></p><p>You should write at least 150 words.
</p>
','{}',1,'lessons/db843e01/lesson_3293.png',1,10,'outside','1',1200,2,0,'');
INSERT INTO "quizy_lesson" VALUES(92,'b6834fe12a8444418490b1b5b7ed7cf3','2015-10-16 01:43:45.723501','2015-10-20 08:07:38.882386',1,'IELTS letters (10)',0,'<b>You traveled by long distance bus recently and your suitcase was damaged.</b>&nbsp;<p>Write a letter to the bus company. In your letter&nbsp;</p><p><ul><li><span style="line-height: 1.45em; background-color: initial;">inform the bus company of when and to where you traveled</span></li><li><span style="line-height: 1.45em; background-color: initial;">describe your suitcase and what happened to it&nbsp;</span></li><li><span style="line-height: 1.45em; background-color: initial;">suggest what the bus company should do about the situation.&nbsp;</span><br></li></ul></p><p>You should write at least 150 words.
</p>
','{}',1,'lessons/b6834fe1/lesson_5434.png',1,10,'outside','1',1200,2,0,'');
INSERT INTO "quizy_lesson" VALUES(93,'44ed5bc70aca473884d0d095c3cb213c','2015-10-16 01:44:46.561173','2015-10-20 08:07:08.025836',1,'IELTS letters (11)',0,'<b>You recently had your computer fixed at the local computer store.  However, you received poor service.&nbsp;</b><p>Write a letter to the store manager. In your letter&nbsp;</p><p><ul><li><span style="line-height: 1.45em; background-color: initial;">describe the situation</span></li><li><span style="line-height: 1.45em; background-color: initial;">explain why you are dissatisfied</span></li><li><span style="line-height: 1.45em; background-color: initial;">state what you want the manager to do.&nbsp;</span><br></li></ul></p><p><span style="line-height: 1.45em; background-color: initial;">You should write at least 150 words.</span></p>
','{}',1,'lessons/44ed5bc7/lesson_3586.png',1,10,'outside','1',1200,2,0,'');
INSERT INTO "quizy_lesson" VALUES(94,'8370be2c84fa476faaa650a8c510b1cd','2015-10-16 01:45:52.706941','2015-10-20 08:06:45.499604',1,'IELTS letters (12)',0,'<b>You are going to visit New Zealand for an ''English and Homestay'' program. You just received the details of your homestay host family.&nbsp;</b><p>Write your first letter to the family. In your letter&nbsp;</p><p><ul><li><span style="line-height: 1.45em; background-color: initial;">introduce yourself</span></li><li><span style="line-height: 1.45em; background-color: initial;">ask the family a few questions to get information that is important to you</span></li><li><span style="line-height: 1.45em; background-color: initial;">tell the family about your arrival date and time.&nbsp;</span><br></li></ul></p><p>Write at least 150 words.
</p>
','{}',1,'lessons/8370be2c/lesson_9257.png',1,10,'outside','1',1200,2,0,'');
INSERT INTO "quizy_lesson" VALUES(95,'d0f3ed5f095d4278bd357a46ebbd4acf','2015-10-16 01:46:49.891334','2015-10-20 08:06:22.690779',1,'IELTS letters (13)',0,'<b>You are employed full-time and also taking a part-time evening course. You are not able to continue the course.&nbsp;</b><p>Write a letter to the course lecturer. In the letter&nbsp;</p><p><ul><li><span style="line-height: 1.45em; background-color: initial;">describe the situation</span></li><li><span style="line-height: 1.45em; background-color: initial;">explain why you cannot continue the course and&nbsp;</span></li><li><span style="line-height: 1.45em; background-color: initial;">state what you will do about your situation.&nbsp;</span><br></li></ul></p><p>Write at least 150 words.
</p>
','{}',1,'lessons/d0f3ed5f/lesson_2393.png',1,10,'outside','1',1200,2,0,'');
INSERT INTO "quizy_lesson" VALUES(96,'3f63bc5d83d94088ab305212c4301002','2015-10-16 01:47:51.102000','2015-10-20 08:06:01.125679',1,'IELTS letters (14)',0,'<b>For the past year you belonged to a local club. Now you want to discontinue your membership.&nbsp;</b><p>Write a letter to the club secretary. In your letter&nbsp;</p><p><ul><li><span style="line-height: 1.45em; background-color: initial;">state what type of membership you have</span></li><li><span style="line-height: 1.45em; background-color: initial;">how you made your payments</span></li><li><span style="line-height: 1.45em; background-color: initial;">give details of how you benefited from club membership</span></li><li><span style="line-height: 1.45em; background-color: initial;">explain why you want to leave.&nbsp;</span><br></li></ul></p><p>Write at least 150 words.
</p>
','{}',1,'lessons/3f63bc5d/lesson_21.png',1,10,'outside','1',1200,2,0,'');
INSERT INTO "quizy_lesson" VALUES(97,'0f590a22d4864f4b9fa2850cd0e8436f','2015-10-16 01:48:56.951703','2015-10-20 08:04:10.724010',1,'IELTS letters (15)',0,'<b>You are due to start a new job next week but you will not be able to because you have some problems.&nbsp;</b><p>Write a letter to your new employer. In your letter&nbsp;</p><p><ul><li><span style="line-height: 1.45em; background-color: initial;">explain your situation</span></li><li><span style="line-height: 1.45em; background-color: initial;">describe your problems</span></li><li><span style="line-height: 1.45em; background-color: initial;">tell him/her when you think you can start.&nbsp;</span><br></li></ul></p><p>Write at least 150 words
</p>
','{}',1,'lessons/0f590a22/lesson_584.png',1,10,'outside','1',1200,2,0,'');
INSERT INTO "quizy_lesson" VALUES(98,'705a6f445eb64ea9ad9db319d19ce599','2015-10-16 01:49:53.334183','2015-10-20 08:03:50.281131',1,'IELTS letters (16)',0,'<b>You live near the airport and you are unhappy about a plan to make your local airport bigger and increase the number of flights.&nbsp;</b><p>Write a letter to your local newspaper. In your letter&nbsp;</p><p><ul><li><span style="line-height: 1.45em; background-color: initial;">explain where you live</span></li><li><span style="line-height: 1.45em; background-color: initial;">describe the problem</span></li><li><span style="line-height: 1.45em; background-color: initial;">give reasons why you do not want this development.&nbsp;</span><br></li></ul></p><p>You should write at least 150 words.
</p>
','{}',1,'lessons/705a6f44/lesson_8955.png',1,10,'outside','1',1200,2,0,'');
INSERT INTO "quizy_lesson" VALUES(99,'9059f0e4930d4ec5946350982e8b08d1','2015-10-16 01:51:43.212828','2015-10-20 08:03:26.977952',1,'IELTS letters (17)',0,'<b>You have just returned home after living with a family in an English-speaking country for six months.
You have realised that you left a small bag of personal possessions in your room.&nbsp;</b><p>Write to the family. In your letter</p><p><ul><li><span style="line-height: 1.45em; background-color: initial;">describe the things you left behind;</span></li><li><span style="line-height: 1.45em; background-color: initial;">ask them to send you the bag;</span></li><li><span style="line-height: 1.45em; background-color: initial;">offer to cover the costs.&nbsp;</span><br></li></ul></p><p>You should write at least 150 words.
</p>
','{}',1,'lessons/9059f0e4/lesson_8191.png',1,10,'outside','1',1200,2,0,'');
INSERT INTO "quizy_lesson" VALUES(100,'ccaeb86e89b344d7923ebf22f841ca2e','2015-10-16 01:53:17.842380','2015-10-20 08:02:43.115086',1,'IELTS letters (18)',0,'<b>Last week you were on a flight to London. Unfortunately, when you left the plane, you left a folder with some documents. You did not remember about the folder until you got to your hotel.</b>&nbsp;<p>Write a letter to the airline. In your letter</p><p><ul><li><span style="line-height: 1.45em; background-color: initial;">explain what has happened</span></li><li><span style="line-height: 1.45em; background-color: initial;">describe the folder and its contents and&nbsp;</span></li><li><span style="line-height: 1.45em; background-color: initial;">say what you would like them to do about it.&nbsp;</span><br></li></ul></p><p>You should write at least 150 words.
</p>
','{}',1,'lessons/ccaeb86e/lesson_5812.png',1,10,'outside','1',1200,2,0,'');
INSERT INTO "quizy_lesson" VALUES(101,'fc26c98449a5481db019010641a024ca','2015-10-16 01:54:11.435971','2015-10-20 08:02:14.491232',1,'IELTS letters (19)',0,'<b>You are going to study in a college in the UK next year. You would like to stay in a college Hall of Residence.</b>&nbsp;<p>Write a letter to the college giving your accommodation requirements.&nbsp;</p><p><ul><li><span style="line-height: 1.45em; background-color: initial;">You should outline what your room and food needs are and&nbsp;</span></li><li><span style="line-height: 1.45em; background-color: initial;">also ask what alternatives are available if they cannot provide what you want.&nbsp;</span><br></li></ul></p><p>You should write at least 150 words.
</p>
','{}',1,'lessons/fc26c984/lesson_6921.png',1,10,'outside','1',1200,2,0,'');
INSERT INTO "quizy_lesson" VALUES(102,'e0383ebb264040d496904e48f2a0ba69','2015-10-16 01:55:07.308996','2015-10-20 08:01:49.459434',1,'IELTS letters (20)',0,'<b>You celebrated your birthday with some friends last week in a restaurant. It was a great success and you and your friends enjoyed the evening very much.&nbsp;</b><p>
Write a letter to the restaurant. In your letter</p><p><ul><li><span style="line-height: 1.45em; background-color: initial;">thank them</span></li><li><span style="line-height: 1.45em; background-color: initial;">mention the food, service and the atmosphere.&nbsp;</span></li><li><span style="line-height: 1.45em; background-color: initial;">also suggest any improvements.&nbsp;</span><br></li></ul></p><p>You should write at least 150 words.
</p>
','{}',1,'lessons/e0383ebb/lesson_248.png',1,10,'outside','1',1200,2,0,'');
INSERT INTO "quizy_lesson" VALUES(103,'70b76f6ee4684bc5991ef4f19d11b298','2015-10-16 01:56:12.248717','2015-10-20 08:01:09.990223',1,'IELTS letters (21)',0,'<b>You are an international student and have borrowed a book from the local public library. You left the book on a bus and when you contacted the bus company, they could not find it</b>.&nbsp;<p>Write a letter to the librarian. In your letter</p><p><ul><li><span style="line-height: 1.45em; background-color: initial;">explain the situation and&nbsp;</span></li><li><span style="line-height: 1.45em; background-color: initial;">ask what you should do.&nbsp;</span><br></li></ul></p><p>You should write at least 150 words.
</p>
','{}',1,'lessons/70b76f6e/lesson_8455.png',1,10,'outside','1',1200,2,0,'');
INSERT INTO "quizy_lesson" VALUES(104,'fad45a7116924809af2a431c0781284b','2015-10-16 01:57:15.259394','2015-10-20 08:00:35.438219',1,'IELTS letters (22)',0,'<b>You have just rented an unfurnished flat and a friend has told you that the Opportunity Shop in the shopping center has cheap second-hand furniture.</b>&nbsp;<p>Write to the shop owner. In your letter</p><p><ul><li><span style="line-height: 1.45em; background-color: initial;">describe what you need&nbsp;</span></li><li><span style="line-height: 1.45em; background-color: initial;">ask whether they have these items&nbsp;</span></li><li><span style="line-height: 1.45em; background-color: initial;">ask about the cost of the items.&nbsp;</span><br></li></ul></p><p>You should write at least 150 words.
</p>
','{}',1,'lessons/fad45a71/lesson_3004.png',1,10,'outside','1',1200,2,0,'');
INSERT INTO "quizy_lesson" VALUES(105,'5ea37f8e2cbb4410852639b056eec9d8','2015-10-16 01:58:46.036291','2015-10-20 07:59:46.631752',1,'IELTS letters (23)',0,'<b>Someone you know has asked you to babysit on Saturday and wants to know how much you charge per hour for this. Unfortunately, you already have a commitment this weekend and cannot help. However, you free the following weekend.&nbsp;</b><p>Reply to your acquaintance. In your letter</p><p><ul><li><span style="line-height: 1.45em; background-color: initial;">explain that you are not able to help this time, but could help later.&nbsp;</span></li><li><span style="line-height: 1.45em; background-color: initial;">provide the fee details for your service.&nbsp;</span><br></li></ul></p><p>You should write at least 150 words.
</p>
','{}',1,'lessons/5ea37f8e/lesson_9558.png',1,10,'outside','1',1200,2,0,'');
INSERT INTO "quizy_lesson" VALUES(106,'44147287e7434a49a37f6bec726ddc2f','2015-10-16 01:59:38.282221','2015-10-20 07:58:38.005508',1,'IELTS letters (24)',0,'<b>You recently visited a place that had a strong impact on you.&nbsp;</b><p>
Write a letter to a friend about the place. In your letter&nbsp;</p><p><ul><li><span style="line-height: 1.45em; background-color: initial;">explain where the place was and how you got there</span></li><li><span style="line-height: 1.45em; background-color: initial;">&nbsp;describe what you saw</span></li><li><span style="line-height: 1.45em; background-color: initial;">offer to take your friend there.&nbsp;</span><br></li></ul></p><p>You should write at least 150 words.
</p>
','{}',1,'lessons/44147287/lesson_5651.png',1,10,'outside','1',1200,2,0,'');
INSERT INTO "quizy_lesson" VALUES(107,'ae28df5ea1d24807b6ad7113d2db55b6','2015-10-16 02:00:29.106066','2015-10-20 07:58:14.083580',1,'IELTS letters (25)',0,'<b>You have recently heard that a friend of yours has had some problems as a result of some unusual weather.&nbsp;</b><p>
Write a letter to your friend. In your letter&nbsp;</p><p><ul><li><span style="line-height: 1.45em; background-color: initial;">express concern&nbsp;</span></li><li><span style="line-height: 1.45em; background-color: initial;">tell them about a similar experience that you once had</span></li><li><span style="line-height: 1.45em; background-color: initial;">give some advice or offer help.&nbsp;</span><br></li></ul></p><p>You should write at least 150 words.
</p>
','{}',1,'lessons/ae28df5e/lesson_8312.png',1,10,'outside','1',1200,2,0,'');
INSERT INTO "quizy_lesson" VALUES(108,'15e3012a98ea4516a1d2acb3a6469c98','2015-10-20 07:45:44.519204','2015-10-20 07:45:44.519239',1,'IELTS essay  general- 26',0,'<p><p><b>Some people
prefer to plan activities for their free time very carefully. Others choose not
to make any plans at all for their free time.</b>&nbsp;</p><p>Compare the benefits of planning
free-time with the benefits of not making plans.<br>
Which do you prefer - planning
or not planning for your leisure time?<br>
Use specific reasons and
examples to explain your choice.</p><p>You should write at least 250 words.&nbsp;</p><br></p>','{}',1,'lessons/15e3012a/lesson_4225.png',1,10,'outside','1',2400,2,0,'');
INSERT INTO "quizy_lesson" VALUES(109,'dad209b4f87b446686815f50d97e5301','2015-10-20 07:51:00.019741','2015-10-20 07:57:44.687232',1,'IELTS letters (26)',0,'<p></p><p><b>You have eaten at a
restaurant and it was a terrible experience.</b>&nbsp;</p><p>Write a letter to the manager.&nbsp;<span style="line-height: 1.45em; background-color: initial;">In your letter</span></p><p><ul><li><span style="line-height: 1.45em; background-color: initial;">describe what happened and&nbsp;</span></li><li><span style="line-height: 1.45em; background-color: initial;">outline what you''d like the restaurant to do.&nbsp;</span><br></li></ul></p><p>You should write at least 150 words.&nbsp;</p><p><br></p><br><p></p>
','{}',1,'lessons/dad209b4/lesson_6952.png',1,10,'outside','1',1200,2,0,'');
INSERT INTO "quizy_lesson" VALUES(110,'4ceb1b96950d4fd49154936055772f12','2015-10-20 07:55:43.695642','2015-10-20 07:55:43.695684',1,'IELTS letters (27)',0,'<p>Your neighbours have recently written to you to complain about the noise from your house/flat.&nbsp;</p><p>Write a letter to your neighbours. In your letter&nbsp;</p><blockquote style="margin: 0 0 0 40px; border: none; padding: 0px;"><p><ul><li><span style="line-height: 1.45em; background-color: initial; font-style: normal;">explain the reasons for the noise</span><br></li><li><span style="line-height: 1.45em; background-color: initial; font-style: normal;">apologise</span></li><li><span style="line-height: 1.45em; background-color: initial; font-style: normal;">describe what actions you will take.&nbsp;</span></li></ul><span style="font-style: normal; line-height: 1.45em; background-color: initial;">You should write at least 150 words.&nbsp;</span><br></p></blockquote>','{}',1,'',1,10,'outside','1',1200,2,0,'');
INSERT INTO "quizy_lesson" VALUES(111,'2a988e480f2244d2b1593ee4af84bab7','2015-10-20 08:17:43.176204','2015-10-20 08:17:43.176264',1,'IELTS essay general- 27',0,'<p><p><b>Some people
say that advertising encourages us to buy things we really do not need. Others
say that advertisements tell us about new products that may improve our lives.
</b>Which viewpoint do you agree with?<br>
Use specific reasons and
examples to support your answer.</p>

<p></p>You should write at least 250 words.&nbsp;</p>','{}',1,'lessons/2a988e48/lesson_262.png',1,10,'outside','1',2400,2,0,'');
INSERT INTO "quizy_lesson" VALUES(112,'0ca6a7dff9d241cfb44b34fc848df62b','2015-10-20 08:21:37.975139','2015-10-20 08:21:37.975180',1,'IELTS letters (28)',0,'<p><b>Write a letter to a friend who has invited you to stay with them in their country.&nbsp;</b></p><p>In your letter</p><p><ul><li><span style="line-height: 1.45em; background-color: initial;">thank your friend for their invitation&nbsp;</span><br></li><li><span style="line-height: 1.45em; background-color: initial;">say when you are likely to visit&nbsp;</span><br></li><li><span style="line-height: 1.45em; background-color: initial;">say what you would like to do during the visit&nbsp;</span><br></li></ul></p><p>Write at least 150 words.&nbsp;</p>','{}',1,'lessons/0ca6a7df/lesson_9460.png',1,10,'outside','1',1200,2,0,'');
INSERT INTO "quizy_lesson" VALUES(113,'48914a8bcf924cb9a71b20a2fefd2172','2015-10-20 08:23:16.036033','2015-10-20 08:23:16.036072',1,'IELTS essay  general- 28',0,'<p><p><b>Some people
believe that the best way of learning about life is by listening to the advice
of family and friends. Other people believe that the best way of learning about
life is through personal experience.</b>&nbsp;</p><p>Compare the advantages of these two
different ways of learning about life. Which do you think is preferable?<br>
Use specific examples to
support your preference.</p>You should write at least 250 words.&nbsp;</p>','{}',1,'lessons/48914a8b/lesson_7337.png',1,10,'outside','1',2400,2,0,'');
INSERT INTO "quizy_lesson" VALUES(114,'a7d1c84e849349c4a4728258235711fa','2015-10-20 08:35:13.894569','2015-10-20 08:35:13.894611',1,'IELTS letters (29)',0,'<p><b>You plan to visit a town where you grew up.&nbsp;</b></p><p>Write a letter to your school friend. In your letter</p><p><ul><li>say when you plan to visit and how long you plan to stay for</li><li>invite them to meet</li><li>ask for advice on where you can meet&nbsp;</li></ul>You should write 150 words.&nbsp;</p><p><br></p>','{}',1,'lessons/a7d1c84e/lesson_9614.png',1,10,'outside','1',1200,2,0,'');
INSERT INTO "quizy_lesson" VALUES(115,'8bc2a89bfe644f2496a7946ebf77c154','2015-10-20 08:37:24.594853','2015-10-20 08:37:24.594899',1,'IELTS essay  general- 29',0,'<p><p></p>

<p><b>People should read only those books
that are about real events, real people, and established facts.&nbsp;</b></p><p>To what extent do you agree/disagree with this statement.&nbsp;</p><p>Use specific reasons and details to support your
opinion.</p>You should write at least 250 words.&nbsp;</p>','{}',1,'lessons/8bc2a89b/lesson_1165.png',1,10,'outside','1',2400,2,0,'');
INSERT INTO "quizy_lesson" VALUES(116,'e1a8d2ee3b05487095474d0fa747a231','2015-10-20 08:41:24.453958','2015-10-20 08:41:24.453999',1,'IELTS letters (30)',0,'<p><b>One of your colleagues is about to retire.&nbsp;</b></p><p>Write a letter to your colleagues. In your letter:&nbsp;</p><p><ul><li><span style="line-height: 1.45em; background-color: initial;">suggest organizing a party for your colleague</span><br></li><li><span style="line-height: 1.45em; background-color: initial;">discuss some dates/venues&nbsp;</span><br></li><li><span style="line-height: 1.45em; background-color: initial;">ask about a present for the colleague &nbsp;</span><br></li></ul>You should write at least 150 words.&nbsp;</p>','{}',1,'lessons/e1a8d2ee/lesson_4474.png',1,10,'outside','1',1200,2,0,'');
INSERT INTO "quizy_lesson" VALUES(117,'0d718f3c825f4241b24fb6ea355e9cdb','2015-10-20 08:44:11.476915','2015-10-20 08:44:11.476946',1,'IELTS essay  general- 30',0,'<p><b>More and more people use credit cards instead of cash. Is it a positive or a negative process?&nbsp;</b></p><p>Discuss and provide reasons and examples to support your answers.&nbsp;</p><p>You should write at least 250 words.&nbsp;</p>','{}',1,'lessons/0d718f3c/lesson_5543.png',1,10,'outside','1',2400,2,0,'');
INSERT INTO "quizy_lesson" VALUES(118,'32f86cedf1324df2ba119f54c63ce1be','2015-10-20 08:47:51.562989','2015-10-20 08:47:51.563030',1,'IELTS letters (31)',0,'<p>You''ve been invited to a wedding, however you can''t attend.&nbsp;</p><p>Write a letter to the couple. In your letter</p><p><ul><li><span style="line-height: 1.45em; background-color: initial;">thank them for the invitation</span><br></li><li><span style="line-height: 1.45em; background-color: initial;">explain why you can''t attend</span><br></li><li><span style="line-height: 1.45em; background-color: initial;">suggest meeting before or after the wedding to congratulate the couple</span><br></li></ul></p><p>&nbsp;You should write at least 150 words.&nbsp;</p>','{}',1,'lessons/32f86ced/lesson_9220.png',1,10,'outside','1',1200,2,0,'');
INSERT INTO "quizy_lesson" VALUES(119,'e129c31ba4844957b986bceca4652cd8','2015-10-20 08:51:21.606440','2015-10-20 08:51:21.606496',1,'IELTS essay  general- 31',0,'<p><b>It is a common knowledge that a healthy lifestyle is beneficial for people. Why is it that many people do not lead a healthy lifestyle? </b>Discuss and provide reasons and examples to support your answer.&nbsp;</p><p>You should write at least 250 words.&nbsp;</p>','{}',1,'lessons/e129c31b/lesson_994.png',1,10,'outside','1',2400,2,0,'');
INSERT INTO "quizy_lesson" VALUES(120,'39515abb461f4cd8a3eb97e491eb838e','2015-10-20 08:57:23.371843','2015-10-20 08:57:23.371884',1,'IELTS letters (32)',0,'<p><b>You faced a problem while staying in a hotel. The receptionist from the hotel assisted you.</b></p><p>Write a letter to the hotel manger. In your letter</p><p><ul><li><span style="line-height: 1.45em; background-color: initial;">explain what the problem was</span><br></li><li><span style="line-height: 1.45em; background-color: initial;">thank the receptionist</span><br></li><li><span style="line-height: 1.45em; background-color: initial;">suggest ways to avoid the problem in the future</span><br></li></ul></p><p>You should write at least 150 words.&nbsp;</p><p><br></p>','{}',1,'lessons/39515abb/lesson_9841.png',1,10,'outside','1',1200,2,0,'');
INSERT INTO "quizy_lesson" VALUES(121,'13496ff0f59b45f082ae9ce842a2da29','2015-10-20 09:00:12.228151','2015-10-20 09:00:12.228192',1,'IELTS essay  general- 32',0,'<p><b>Nowadays many people take work home.&nbsp;</b></p><p>Discuss advantages and disadvantages of working from home. Express your opinion whether it is good to work from home. Use reasons and examples to support your answer.&nbsp;</p><p>You should write at least 250 words.&nbsp;</p>','{}',1,'lessons/13496ff0/lesson_6263.png',1,10,'outside','1',2400,2,0,'');
INSERT INTO "quizy_lesson" VALUES(122,'a763a9dfe362440e81ee62e67263effb','2015-10-20 09:03:55.026329','2015-10-20 09:03:55.026396',1,'IELTS letters (33)',0,'<p>You plan to apply for a job and need to find a referee. Write a letter to your teacher. In your letter</p><p><ul><li><span style="line-height: 1.45em; background-color: initial;">provide the details of the job that you are applying for</span></li><li><span style="line-height: 1.45em; background-color: initial;">explain why you are interested in this job</span><br></li><li><span style="line-height: 1.45em; background-color: initial;">ask if you could list your teacher as a referee</span><br></li></ul></p><p>You should write at least 150 words.&nbsp;</p><p><br></p>','{}',1,'lessons/a763a9df/lesson_7923.png',1,10,'outside','1',1200,2,0,'');
INSERT INTO "quizy_lesson" VALUES(123,'f30787fe83e44f2790172f3e738e432a','2015-10-20 09:06:26.094130','2015-10-20 09:06:26.094170',1,'IELTS essay  general- 33',0,'<p><b>Some people believe that all university students need to study basic science. Others feel that it is not necessary. </b>Discuss and give your opinion. Use reasons and examples to support your answer.&nbsp;</p><p>You should write at least 250 words.&nbsp;</p>','{}',1,'lessons/f30787fe/lesson_6097.png',1,10,'outside','1',2400,2,0,'');
INSERT INTO "quizy_lesson" VALUES(124,'ad4b5b60083c4c40ac7b305ce87515b7','2015-10-20 09:11:15.391575','2015-10-20 09:11:15.391609',1,'IELTS letters (34)',0,'<p><b>Your friend would like to come and stay with you. You are unable to host him/her.</b>&nbsp;</p><p><br>Write a letter to your friend. In your letter</p><p><ul><li><span style="line-height: 1.45em; background-color: initial;">explain why you can''t host them</span><br></li><li><span style="line-height: 1.45em; background-color: initial;">apologize</span><br></li><li><span style="line-height: 1.45em; background-color: initial;">suggest another alternative</span><br></li></ul></p><p>You should write at least 150 words.&nbsp;</p>','{}',1,'lessons/ad4b5b60/lesson_1551.png',1,10,'outside','1',1200,2,0,'');
INSERT INTO "quizy_lesson" VALUES(125,'1f01c1fbe38e4701b5a73c4d42b7d4f1','2015-10-20 09:13:38.730187','2015-10-20 09:13:38.730228',1,'IELTS essay  general- 34',0,'<p><b>Some people believe that all workers in a company should be able to participate in decision-making. Others feel that managers should make the decisions.&nbsp;</b></p><p>Discuss and express your opinion. Give reasons and examples to support your answer.&nbsp;</p><p>You should write at least 250 words.&nbsp;</p>','{}',1,'lessons/1f01c1fb/lesson_2130.png',1,10,'outside','1',2400,2,0,'');
INSERT INTO "quizy_lesson" VALUES(126,'4cd09e04e8db42978ded481d9424b079','2015-10-20 09:17:10.229409','2015-10-20 09:17:10.229459',1,'IELTS letters (35)',0,'<p><b>You have recently had some renovation work in your house. You are not satisfied with the quality of the work.</b></p><p>Write a letter to the builder. In your letter:</p><p><ul><li><span style="line-height: 1.45em; background-color: initial;">describe what the problem is</span><br></li><li><span style="line-height: 1.45em; background-color: initial;">explain what you would like the builder to do.</span><br></li></ul></p><p>You should write at least 150 words.&nbsp;</p><p><br></p>','{}',1,'lessons/4cd09e04/lesson_9163.png',1,10,'outside','1',1200,2,0,'');
INSERT INTO "quizy_lesson" VALUES(127,'1b10149b5e5b4b51afe5e63c36c09e33','2015-10-20 09:19:27.344920','2015-10-20 09:19:27.344960',1,'IELTS essay  general- 35',0,'<p><b>More and more people nowadays move cities and even countries for work. Some people believe that it is a good thing. Others think that it is a negative thing.&nbsp;</b></p><p>Discuss and provide your opinion. Use reasons and examples to support your answer.&nbsp;</p><p>You should write at least 250 words.&nbsp;</p>','{}',1,'lessons/1b10149b/lesson_2322.png',1,10,'outside','1',2400,2,0,'');
INSERT INTO "quizy_lesson" VALUES(128,'1d4a40678e2d4e5ba9e2102edf2a3c96','2015-10-20 22:43:01.291959','2015-10-20 22:43:01.292002',1,'IELTS letters (36)',0,'<p><b>A friend you met on holidays last year is planning to visit your city.&nbsp;</b></p><p>Write a letter. In your letter</p><p><ul><li><span style="line-height: 1.45em; background-color: initial;">suggest the best time to visit your city</span><br></li><li><span style="line-height: 1.45em; background-color: initial;">suggest some activities&nbsp;</span><br></li><li><span style="line-height: 1.45em; background-color: initial;">offer to meet and show him/her around</span><br></li></ul></p><p>You should write at least 150 words.&nbsp;</p>','{}',1,'lessons/1d4a4067/lesson_8562.png',1,10,'outside','1',1200,2,0,'');
INSERT INTO "quizy_lesson" VALUES(129,'87d5ac36aadc4865bff7ecce0dd53c00','2015-10-20 22:44:55.385423','2015-10-20 22:44:55.385465',1,'IELTS essay  general- 36',0,'<p><b>Some people believe that salary is the most important factor in a job. Others feel that a good team can compensate for a lower salary.&nbsp;</b></p><p>Discuss both opinions and express your opinion. Use reasons and examples to support your answer.&nbsp;</p><p>You should write at least 250 words.&nbsp;</p>','{}',1,'lessons/87d5ac36/lesson_3970.png',1,10,'outside','1',2400,2,0,'');
INSERT INTO "quizy_lesson" VALUES(130,'5ddf685b77f04d0da85cfcf661c7907a','2015-10-20 22:51:13.547225','2015-10-20 22:51:13.547281',1,'IELTS letters (37)',0,'<p><b>You are applying for a job. Write a cover letter to your potential employer.</b></p><p>In your letter highlight</p><p><ul><li><span style="line-height: 1.45em; background-color: initial;">your experience and qualifications&nbsp;</span><br></li><li><span style="line-height: 1.45em; background-color: initial;">why you believe you are a good candidate for this position.</span><br></li></ul></p><p>You should write at least 150 words.&nbsp;</p>','{}',1,'lessons/5ddf685b/lesson_7238.png',1,10,'outside','1',1200,2,0,'');
INSERT INTO "quizy_lesson" VALUES(131,'5c2a40919874489baf51753516dd8fc1','2015-10-20 22:55:38.700252','2015-10-20 22:55:38.700293',1,'IELTS essay  general- 37',0,'<p><b>Many people are concerned that the majority of population are not exercising enough. Why do you think it is and what could be done to encourage people to exercise more.</b>&nbsp;</p><p>Give reasons and examples to support your answer.</p><p>You should write at least 250 words.&nbsp;</p>','{}',1,'lessons/5c2a4091/lesson_6809.png',1,10,'outside','1',2400,2,0,'');
INSERT INTO "quizy_lesson" VALUES(132,'7fb8d0ed0119416da5d42bf1dcaa4a3a','2015-10-21 00:48:24.878764','2015-10-21 00:48:24.878803',1,'IELTS letters (38)',0,'<p><b>You have received presents and get-well cards from your colleagues.&nbsp;</b></p><p>Write a letter to your colleagues. In your letter:</p><p><ul><li><span style="line-height: 1.45em; background-color: initial;">thank them for the presents</span><br></li><li><span style="line-height: 1.45em; background-color: initial;">describe how you have used the presents&nbsp;</span><br></li></ul></p><p>You should write at least 150 words.&nbsp;</p><p>&nbsp;</p>','{}',1,'lessons/7fb8d0ed/lesson_8646.png',1,10,'outside','1',1200,2,0,'');
INSERT INTO "quizy_lesson" VALUES(133,'32a16f74493f4ca0bbc878981eaf1f05','2015-10-21 00:50:39.715639','2015-10-21 00:50:53.279061',1,'IELTS essay  general- 38',0,'<p><b>Cycling is good for the environment and health. Governments should encourage more people to use bicycles and tax car users.&nbsp;</b></p><p>To what extent do you agree/disagree with this statement. Use reasons and examples to support your answer.&nbsp;</p><p>You should write at least 250 words.&nbsp;</p>','{}',1,'lessons/32a16f74/lesson_3170.png',1,10,'outside','1',2400,2,0,'');
INSERT INTO "quizy_lesson" VALUES(134,'e570efaaf1194fb58933c6fcfc50d400','2015-10-21 00:55:36.675339','2015-10-21 00:55:36.675373',1,'IELTS letters (39)',0,'<p><b>The area where you live has a traffic problem. Write a letter to your local council.&nbsp;</b></p><p>In your letter</p><p><ul><li><span style="line-height: 1.45em; background-color: initial;">describe what the problem is</span><br></li><li><span style="line-height: 1.45em; background-color: initial;">explain how it affects people</span><br></li><li><span style="line-height: 1.45em; background-color: initial;">say what you would like the council to do</span><br></li></ul></p><p>You should write at least 150 words.&nbsp;</p>','{}',1,'lessons/e570efaa/lesson_2889.png',1,10,'outside','1',1200,2,0,'');
INSERT INTO "quizy_lesson" VALUES(135,'8ce47bbc81594657824e4cc45d5e16f8','2015-10-21 00:57:57.003320','2015-10-21 00:57:57.003357',1,'IELTS essay  general- 39 ',0,'<p><b>Advertising is widespread and common. Why do you think advertising is effective? Is advertising a normal part of society or is it bad for the society?&nbsp;</b></p><p>Give reasons and examples to support your answer.&nbsp;</p><p>You should write at least 250 words.&nbsp;</p>','{}',1,'lessons/8ce47bbc/lesson_7599.png',1,10,'outside','1',2400,2,0,'');
INSERT INTO "quizy_lesson" VALUES(136,'3c58cf5918dd4d9e975edfc019f9b9e6','2015-10-21 01:04:06.829125','2015-10-21 01:04:06.829161',1,'IELTS letters (40)',0,'<p><b>You are planning to organize a party.&nbsp;</b></p><p>Write a letter to your friend.&nbsp;<span style="line-height: 1.45em; background-color: initial;">In your letter</span></p><p><ul><li><span style="line-height: 1.45em; background-color: initial;">tell your friend about the party</span><br></li><li><span style="line-height: 1.45em; background-color: initial;">invite them to attend</span><br></li><li><span style="line-height: 1.45em; background-color: initial;">provide the details of the party</span><br></li></ul></p><p>You should write at least 150 words.&nbsp;</p>','{}',1,'lessons/3c58cf59/lesson_5405.png',1,10,'outside','1',1200,2,0,'');
INSERT INTO "quizy_lesson" VALUES(137,'6cf3147f3f9a46ba956ce268929571fc','2015-10-21 01:06:26.407257','2015-10-21 01:06:26.407293',1,'IELTS essay  general- 40',0,'<p><b>Tourism sometimes has a negative effect on the local places. Why do you think it happens and what could be done to prevent these negative effects?&nbsp;</b></p><p>Use reasons and examples to support your answer.&nbsp;</p><p>You should write at least 250 words.&nbsp;</p>','{}',1,'lessons/6cf3147f/lesson_731.png',1,10,'outside','1',2400,2,0,'');
CREATE INDEX "quizy_lesson_ea134da7" ON "quizy_lesson" ("course_id");
CREATE INDEX "quizy_lesson_e93cb7eb" ON "quizy_lesson" ("created_by_id");
COMMIT;
PRAGMA foreign_keys=OFF;
BEGIN TRANSACTION;
CREATE TABLE "quizy_lesson_teacher" ("id" integer NOT NULL PRIMARY KEY AUTOINCREMENT, "lesson_id" integer NOT NULL REFERENCES "quizy_lesson" ("id"), "account_id" integer NOT NULL REFERENCES "account_account" ("id"), UNIQUE ("lesson_id", "account_id"));
INSERT INTO "quizy_lesson_teacher" VALUES(14,40,7);
INSERT INTO "quizy_lesson_teacher" VALUES(84,62,10);
INSERT INTO "quizy_lesson_teacher" VALUES(87,63,10);
INSERT INTO "quizy_lesson_teacher" VALUES(88,64,10);
INSERT INTO "quizy_lesson_teacher" VALUES(89,65,10);
INSERT INTO "quizy_lesson_teacher" VALUES(90,66,10);
INSERT INTO "quizy_lesson_teacher" VALUES(92,67,10);
INSERT INTO "quizy_lesson_teacher" VALUES(93,68,10);
INSERT INTO "quizy_lesson_teacher" VALUES(94,69,10);
INSERT INTO "quizy_lesson_teacher" VALUES(96,70,10);
INSERT INTO "quizy_lesson_teacher" VALUES(97,71,10);
INSERT INTO "quizy_lesson_teacher" VALUES(98,72,10);
INSERT INTO "quizy_lesson_teacher" VALUES(99,73,10);
INSERT INTO "quizy_lesson_teacher" VALUES(100,74,10);
INSERT INTO "quizy_lesson_teacher" VALUES(101,75,10);
INSERT INTO "quizy_lesson_teacher" VALUES(102,76,10);
INSERT INTO "quizy_lesson_teacher" VALUES(103,77,10);
INSERT INTO "quizy_lesson_teacher" VALUES(104,78,10);
INSERT INTO "quizy_lesson_teacher" VALUES(105,79,10);
INSERT INTO "quizy_lesson_teacher" VALUES(106,80,10);
INSERT INTO "quizy_lesson_teacher" VALUES(107,81,10);
INSERT INTO "quizy_lesson_teacher" VALUES(108,82,10);
INSERT INTO "quizy_lesson_teacher" VALUES(109,83,10);
INSERT INTO "quizy_lesson_teacher" VALUES(110,84,10);
INSERT INTO "quizy_lesson_teacher" VALUES(111,85,10);
INSERT INTO "quizy_lesson_teacher" VALUES(112,86,10);
INSERT INTO "quizy_lesson_teacher" VALUES(113,87,10);
INSERT INTO "quizy_lesson_teacher" VALUES(134,108,10);
INSERT INTO "quizy_lesson_teacher" VALUES(136,110,10);
INSERT INTO "quizy_lesson_teacher" VALUES(137,109,10);
INSERT INTO "quizy_lesson_teacher" VALUES(138,107,10);
INSERT INTO "quizy_lesson_teacher" VALUES(139,106,10);
INSERT INTO "quizy_lesson_teacher" VALUES(140,105,10);
INSERT INTO "quizy_lesson_teacher" VALUES(141,104,10);
INSERT INTO "quizy_lesson_teacher" VALUES(142,103,10);
INSERT INTO "quizy_lesson_teacher" VALUES(143,102,10);
INSERT INTO "quizy_lesson_teacher" VALUES(144,101,10);
INSERT INTO "quizy_lesson_teacher" VALUES(145,100,10);
INSERT INTO "quizy_lesson_teacher" VALUES(146,99,10);
INSERT INTO "quizy_lesson_teacher" VALUES(147,98,10);
INSERT INTO "quizy_lesson_teacher" VALUES(148,97,10);
INSERT INTO "quizy_lesson_teacher" VALUES(149,96,10);
INSERT INTO "quizy_lesson_teacher" VALUES(150,95,10);
INSERT INTO "quizy_lesson_teacher" VALUES(151,94,10);
INSERT INTO "quizy_lesson_teacher" VALUES(152,93,10);
INSERT INTO "quizy_lesson_teacher" VALUES(153,92,10);
INSERT INTO "quizy_lesson_teacher" VALUES(154,91,10);
INSERT INTO "quizy_lesson_teacher" VALUES(155,90,10);
INSERT INTO "quizy_lesson_teacher" VALUES(156,89,10);
INSERT INTO "quizy_lesson_teacher" VALUES(157,88,10);
INSERT INTO "quizy_lesson_teacher" VALUES(162,61,10);
INSERT INTO "quizy_lesson_teacher" VALUES(163,60,10);
INSERT INTO "quizy_lesson_teacher" VALUES(165,47,10);
INSERT INTO "quizy_lesson_teacher" VALUES(166,47,7);
INSERT INTO "quizy_lesson_teacher" VALUES(167,59,10);
INSERT INTO "quizy_lesson_teacher" VALUES(168,111,10);
INSERT INTO "quizy_lesson_teacher" VALUES(169,112,10);
INSERT INTO "quizy_lesson_teacher" VALUES(170,113,10);
INSERT INTO "quizy_lesson_teacher" VALUES(171,114,10);
INSERT INTO "quizy_lesson_teacher" VALUES(172,115,10);
INSERT INTO "quizy_lesson_teacher" VALUES(173,116,10);
INSERT INTO "quizy_lesson_teacher" VALUES(174,117,10);
INSERT INTO "quizy_lesson_teacher" VALUES(175,118,10);
INSERT INTO "quizy_lesson_teacher" VALUES(176,119,10);
INSERT INTO "quizy_lesson_teacher" VALUES(177,120,10);
INSERT INTO "quizy_lesson_teacher" VALUES(178,121,10);
INSERT INTO "quizy_lesson_teacher" VALUES(179,122,10);
INSERT INTO "quizy_lesson_teacher" VALUES(180,123,10);
INSERT INTO "quizy_lesson_teacher" VALUES(181,124,10);
INSERT INTO "quizy_lesson_teacher" VALUES(182,125,10);
INSERT INTO "quizy_lesson_teacher" VALUES(183,126,10);
INSERT INTO "quizy_lesson_teacher" VALUES(184,127,10);
INSERT INTO "quizy_lesson_teacher" VALUES(185,128,10);
INSERT INTO "quizy_lesson_teacher" VALUES(186,129,10);
INSERT INTO "quizy_lesson_teacher" VALUES(187,130,10);
INSERT INTO "quizy_lesson_teacher" VALUES(188,131,10);
INSERT INTO "quizy_lesson_teacher" VALUES(189,132,10);
INSERT INTO "quizy_lesson_teacher" VALUES(191,133,10);
INSERT INTO "quizy_lesson_teacher" VALUES(192,134,10);
INSERT INTO "quizy_lesson_teacher" VALUES(193,135,10);
INSERT INTO "quizy_lesson_teacher" VALUES(194,136,10);
INSERT INTO "quizy_lesson_teacher" VALUES(195,137,10);
CREATE INDEX "quizy_lesson_teacher_55174b7b" ON "quizy_lesson_teacher" ("lesson_id");
CREATE INDEX "quizy_lesson_teacher_8a089c2a" ON "quizy_lesson_teacher" ("account_id");
COMMIT;
PRAGMA foreign_keys=OFF;
BEGIN TRANSACTION;
CREATE TABLE "quizy_lessonenroll" ("id" integer NOT NULL PRIMARY KEY AUTOINCREMENT, "uuid" char(32) NOT NULL UNIQUE, "created_at" datetime NOT NULL, "updated_at" datetime NOT NULL, "data" text NULL, "number_of_attempt" integer NOT NULL, "date_success" datetime NULL, "created_by_id" integer NOT NULL REFERENCES "account_account" ("id"), "learner_id" integer NOT NULL REFERENCES "account_account" ("id"), "lesson_id" integer NULL REFERENCES "quizy_lesson" ("id"), "required_attention_by_pupil" bool NULL, "required_attention_by_teacher" bool NULL, "success" bool NULL);
INSERT INTO "quizy_lessonenroll" VALUES(11,'c90ac6b5-3303-11e5-99f2-a8206656fa77','2015-07-25 19:21:32.681439','2015-07-25 19:31:45.552280','{"current_step": 0, "answer_steps": [{"page_id": 69, "type": "words_in_text", "answers": {"text": "\u043e\u0430\u0440\u043b\u043e\u044b\u0432\u0440\u0430 \u0430\u044b\u0432\u043e\u043b\u044b\u0432 \u043b\u044b\u043e\u0432\u0430\u0440\u043b\u043e\u044b\u0432  <select ng-model=\"words_in_text.select[0].selected\" ng-options=\"item.text for item in words_in_text.select[0].options\" ng-change=\"change_words_in_text()\"></select> fsdlkjf fsdkfldskf s  <select ng-model=\"words_in_text.select[1].selected\" ng-options=\"item.text for item in words_in_text.select[1].options\" ng-change=\"change_words_in_text()\"></select> ffff sdjfskdf  <input ng-model=\"words_in_text.input[0].inputed\"ng-change=\"change_words_in_text()\" /> \u0430\u043e\u044b\u043b\u0432\u0430\u043e \u044b\u0432\u043e\u0430\u043b\u044b\u0432 \u0430\u044b\u0432\u043b\u043e  <input ng-model=\"words_in_text.input[1].inputed\"ng-change=\"change_words_in_text()\" /> fdsfsd", "select": [{"selected": {"answer": true, "text": "yyy", "$$hashKey": "object:225"}, "options": [{"answer": false, "text": "xxx", "$$hashKey": "object:224"}, {"answer": true, "text": "yyy", "$$hashKey": "object:225"}, {"answer": false, "text": "zzz", "$$hashKey": "object:226"}]}, {"selected": {"answer": true, "text": "ccc", "$$hashKey": "object:227"}, "options": [{"answer": true, "text": "ccc", "$$hashKey": "object:227"}, {"answer": false, "text": "fff", "$$hashKey": "object:228"}, {"answer": false, "text": "ggg", "$$hashKey": "object:229"}]}], "input": [{"inputed": "ccc", "options": [{"answer": true, "text": "ccc"}, {"answer": true, "text": "fff"}, {"answer": true, "text": "222"}]}, {"inputed": "ccc", "options": [{"answer": true, "text": "ccc"}, {"answer": true, "text": "fff"}]}]}}], "id": 11, "success": true, "result": {"steps": [{"type": "words_in_text", "page_id": 69, "choiced_elements": [], "success": true}], "success": true}}',4,NULL,7,6,31,NULL,NULL,1);
INSERT INTO "quizy_lessonenroll" VALUES(17,'43c947f84d5b11e58bca03426b361ead','2015-08-28 08:03:27.927101','2015-09-28 09:25:47.373355','{"active": false, "steps": [{"$$hashKey": "object:288", "text": "\u0422\u0435\u0441\u0442\u043e\u0432\u043e\u0435 \u043f\u0438\u0441\u044c\u043c\u043e", "number": 1, "mode": "finish", "estimate": {"coherence_task": "8", "estimate_task": "8", "lexical_task": "6", "grammatical_task": "7"}, "type": "pupil"}, {"text": "<p>sdfsdf</p><br>\nFs<s>dfsdfsd</s> fsdfsdfsdf<br>\nfsd\n", "type": "teacher", "$$hashKey": "object:287", "mode": "finish", "number": 2}]}',0,NULL,7,6,47,0,0,1);
INSERT INTO "quizy_lessonenroll" VALUES(18,'3184396372fc45eca6716a94445bed2d','2015-08-29 16:13:09.701338','2015-08-29 16:13:23.705404','{"current_step": 2, "answer_steps": [{"page_id": 90, "type": "checkbox", "answers": [{"answer": false}, {"answer": true, "variant_id": 134}, {"answer": false}]}, {"page_id": 91, "type": "radiobox", "answers": [{"answer": true, "variant_id": 136}]}, {"page_id": 92, "type": "pairs", "answers": {"138": {"answer": "139", "question": "138"}, "140": {"answer": "141", "question": "140"}}}], "id": 18, "success": false, "result": {"steps": [{"type": "checkbox", "page_id": 90, "choiced_elements": [{"variant_id": 134}, {"variant_id": 136}], "success": false}, {"type": "radiobox", "page_id": 91, "choiced_elements": [{"variant_id": 134}, {"variant_id": 136}], "success": true}, {"success": true, "number_of_pairs": 2, "choiced_elements": [{"variant_id": 134}, {"variant_id": 136}], "page_id": 92, "number_of_correct_pairs": 2, "type": "pairs"}], "success": false}}',1,NULL,8,9,48,NULL,NULL,0);
INSERT INTO "quizy_lessonenroll" VALUES(20,'217dceae082e4449a048df959cc02ac6','2015-08-31 09:08:12.141943','2015-10-19 20:55:50.882502','{"active": true, "steps": [{"text": "18 August  2015\n\n\n\nDear Director\n\nMy name is Dasha Corleone and I am buyer in your store. I am writing to report  a problem with my new camera. I came to your store to buy a new camera for my dear cousin on August 13th .I bought it for one thousand dollars.A little expensive for a camera,isn''t it?But before my visit to your store I found your website and saw a lot of reviews.Its were only positive and I did not attach much importance to this price. But after a few day my cousin and I saw a lot of serious defects: some functions and the flash stopped working.I would be grateful if you could change your camera to another or you could returned money for this camera.\nI would appreciate your immediate attention to this matter.\n\nYours faithful,\n\nDany Corleone", "$$hashKey": "object:350", "type": "pupil", "mode": "finish", "number": 1}, {"text": "\nDear Director\n\nMy name is Dasha Corleone and I am A buyer in your store. I am writing to report a problem with my new camera (good that you have the topic sentence early). I came to your store to buy a new camera for my dear cousin on August 13th .I bought it for one thousand dollars.A little expensive for a camera,isn''t it? But(don''t start new sentences with ''but'') before my visit to your store I found your website and saw a lot of reviews. Its They were only positive and I did not attach much importance to this price. .....\n\nDany Corleone\n\n\n\nGeneral comments:\n\nGood progress, however several issues remain:\n\n- ....\n\n- ...\n\n- ....\n\n\n\nPlease reviewhttps://www.youtube.com/watch?v=MeV6ihNoQp4list=PLgOaCITH5xmbtYRfguBjg97qJHswpXa4Vindex=2 andhttp://englishwithexperts.com/ .....\n\n\n\n\n\n\n", "$$hashKey": "object:349", "type": "teacher", "mode": "finish", "number": 2}, {"$$hashKey": "object:348", "text": "I am organizing a trip to.... I am wondering you can tell me .... Moreover, I also want to know....Finally, tell me....", "number": 3, "mode": "finish", "estimate": {"coherence_task": "4", "estimate_task": "5", "lexical_task": "5", "grammatical_task": "5"}, "type": "pupil"}, {"text": "<pre>\nI am organizing a trip to.... I <em><span style=\"color:#FF0000;\">WAS</span> </em><s><strong>am </strong></s>wondering you <span style=\"color:#FF0000;\">if </span>can tell me .... Moreover, I also <span style=\"color:#FF0000;\">would also like</span> <s>want </s>to know....Finally, <span style=\"color:#FF0000;\"><em>could you please.</em></span>.. <s>tell </s>me...</pre>\n", "$$hashKey": "object:359", "type": "teacher", "mode": "finish", "number": 4}, {"$$hashKey": "object:140", "text": "<p>Testing.... Trip to the Snowy mountains.... Test test.... I am writing to complain... Blah....&nbsp;</p>\n", "number": 5, "mode": "finish", "estimate": {"coherence_task": "6", "estimate_task": "5", "lexical_task": "5", "grammatical_task": "5"}, "type": "pupil"}, {"text": "<p>Testing.... <s>Trip</s>&nbsp;<span style=\"color:#FF0000;\">Trip</span>&nbsp;to the Snowy mountains.... Test test....<span style=\"color:#FF0000;\">Please use full sentences.&nbsp;</span>&nbsp;I <span style=\"color:#008000;\">am</span> <em>writing</em> to <strong>complain</strong>... <span style=\"color:#000080;\">Blah</span>....&nbsp;</p>\n\n<h1>Comments</h1>\n\n<p>Nice try, but need to do more.&nbsp;</p>\n", "type": "teacher", "number": 6, "mode": "finish"}]}',0,NULL,10,6,59,1,0,1);
INSERT INTO "quizy_lessonenroll" VALUES(21,'ba04ffb2edc94868a290d2bad11ded19','2015-08-31 09:08:17.708460','2015-09-28 09:31:27.461146','{"active": true, "steps": [{"text": "I am writing to tell you know that I .... There is a massive problem with this.... I am very very unhappy and disappointed.... \n\nBlah - blah....", "type": "pupil", "number": 1, "mode": "finish"}, {"text": "\nI am writing to draw your attention to... <s>tell </s>you know  that I .... There is a serious <s>massive </s>problem with this.... I am very very unhappy and disappointed.... \n\nBlah - blah....\n\nComments\n\n<p>Good work, but......</p>\n", "type": "teacher", "number": 2, "mode": "finish"}]}',0,NULL,10,6,60,0,1,1);
INSERT INTO "quizy_lessonenroll" VALUES(27,'55d6a04d56a144b1bbf10eb9317bbb0f','2015-09-03 22:13:33.393324','2015-09-03 22:13:33.421650','{"active": true, "steps": []}',0,NULL,10,11,47,NULL,NULL,NULL);
INSERT INTO "quizy_lessonenroll" VALUES(28,'4d10dc939a70462797b99c405fca2ed9','2015-09-03 22:13:42.191428','2015-09-03 22:13:42.197950','{"active": true, "steps": []}',0,NULL,10,11,59,NULL,NULL,NULL);
INSERT INTO "quizy_lessonenroll" VALUES(29,'69903f93782f4b78bc8a507a690bd8e5','2015-09-03 22:13:50.264164','2015-09-03 22:13:50.266895','{"active": true, "steps": []}',0,NULL,10,11,60,NULL,NULL,NULL);
INSERT INTO "quizy_lessonenroll" VALUES(30,'a79a1638c53c4549a8b2fb5400bf6c58','2015-09-22 18:22:21.796175','2015-09-28 09:31:33.874676','{"active": true, "steps": [{"text": "\u0422\u0435\u0441\u0442\u043e\u0432\u044b\u0439 \u0442\u0435\u043a\u0441\u0442", "type": "pupil", "$$hashKey": "object:111", "number": 1, "mode": "finish"}]}',0,NULL,7,6,62,0,1,1);
INSERT INTO "quizy_lessonenroll" VALUES(31,'211715ebab5f4bef81a771762c237b3c','2015-10-09 05:04:30.673917','2015-10-09 05:04:30.708233','{"active": true, "steps": []}',0,NULL,10,6,63,NULL,NULL,NULL);
INSERT INTO "quizy_lessonenroll" VALUES(32,'8522ab3096e344099adf192b6556ea8b','2015-10-09 06:00:16.700585','2015-10-09 06:00:16.707954','{"active": true, "steps": []}',0,NULL,10,6,64,NULL,NULL,NULL);
INSERT INTO "quizy_lessonenroll" VALUES(33,'a117d9d677fe4eb58716def11fde0057','2015-10-09 06:00:35.616621','2015-10-09 06:00:35.620473','{"active": true, "steps": []}',0,NULL,10,6,65,NULL,NULL,NULL);
INSERT INTO "quizy_lessonenroll" VALUES(34,'3aa7a3ad1511445aae8ee37046e27829','2015-10-09 06:01:15.573909','2015-10-09 06:01:15.577134','{"active": true, "steps": []}',0,NULL,10,6,66,NULL,NULL,NULL);
INSERT INTO "quizy_lessonenroll" VALUES(35,'91a1282d698349208c6f8984127e52e3','2015-10-09 06:01:35.598849','2015-10-09 06:01:35.601641','{"active": true, "steps": []}',0,NULL,10,6,67,NULL,NULL,NULL);
CREATE INDEX "quizy_lessonenroll_e93cb7eb" ON "quizy_lessonenroll" ("created_by_id");
CREATE INDEX "quizy_lessonenroll_f151c97f" ON "quizy_lessonenroll" ("learner_id");
CREATE INDEX "quizy_lessonenroll_55174b7b" ON "quizy_lessonenroll" ("lesson_id");
COMMIT;
PRAGMA foreign_keys=OFF;
BEGIN TRANSACTION;
CREATE TABLE "quizy_page" ("id" integer NOT NULL PRIMARY KEY AUTOINCREMENT, "created_at" datetime NOT NULL, "updated_at" datetime NOT NULL, "text" text NULL, "number" integer NULL, "media" varchar(100) NULL, "is_correct" bool NOT NULL, "code_errors" text NULL, "lesson_id" integer NOT NULL REFERENCES "quizy_lesson" ("id"), "type" varchar(10) NOT NULL);
INSERT INTO "quizy_page" VALUES(24,'2015-07-06 19:34:28.340420','2015-07-15 19:44:02.379591','test page 1 lfskdjflksjdlfksd sldkjflsdkjfldskfj',2,NULL,1,'{}',15,'checkbox');
INSERT INTO "quizy_page" VALUES(25,'2015-07-06 20:04:21.300294','2015-07-18 21:02:57.711861','Текс вопроса
оаыдаоыдвлоаыдлвоадлывао аоывлдаоыдлваодлывоадлывоаы
алывждалыжвдлаждыв
ыавжлывждалывждлажывд',1,NULL,1,'{}',15,'radiobox');
INSERT INTO "quizy_page" VALUES(28,'2015-07-06 20:27:17.415431','2015-07-15 19:44:02.395204','Вопрос на странице 1',4,NULL,1,'{}',15,'pairs');
INSERT INTO "quizy_page" VALUES(30,'2015-07-08 20:29:02.692682','2015-07-15 19:44:02.418589','Вопрос 4 ыоалоапрлова лопвалопрлваопрлва вдалопвларплвоап
двпаодвлаопдлва двалподвлаопдлвао',5,NULL,1,'{}',15,'checkbox');
INSERT INTO "quizy_page" VALUES(52,'2015-07-15 19:01:37.391025','2015-07-15 19:44:02.389017','Вопрос ылоаывлоа лоывалоывлоы',3,NULL,1,'{}',15,'text');
INSERT INTO "quizy_page" VALUES(53,'2015-07-17 20:01:53.179077','2015-07-19 12:04:09.624252','Вопрос kjsgks kjdfg kdjfhg kdgjhdfk gjhdf kgjhdf',2,NULL,1,'{}',16,'checkbox');
INSERT INTO "quizy_page" VALUES(56,'2015-07-18 14:29:08.637201','2015-07-19 12:04:09.594790','Вопрос kjsdfksdjf fjsdlkfjsdlfjk lfjkdsklfjsdlkfjsd fl fsldjflsdkjflsd lksfdjlksdjfsdlkf lfskjdklfsjd lfksjdflksdjflkjsdlfk flksdjflksjdflkjsd lksdjfldksjflsdkjflkdsjfldskjf sdflsdkfjlskdjflskdjfldsk fsdlkjfsldkjflsdkjfl',1,NULL,1,'{}',16,'pairs');
INSERT INTO "quizy_page" VALUES(69,'2015-07-23 15:37:19.847430','2015-07-23 15:37:44.665373','Заполните пропущенные слова',1,'',1,'{}',31,'words_in_text');
INSERT INTO "quizy_page" VALUES(70,'2015-07-24 12:25:52.753703','2015-07-24 13:31:22.121296','Вопрос для проверки',1,'',1,'{}',32,'checkbox');
INSERT INTO "quizy_page" VALUES(73,'2015-07-24 16:15:31.606542','2015-07-24 17:42:20.039647','Вопрос для проверки ради кнопки',2,'',1,'{}',32,'radiobox');
INSERT INTO "quizy_page" VALUES(77,'2015-07-30 09:41:15.245088','2015-07-30 09:43:50.111617','Выбирите правильный вариант',1,'',1,'{}',39,'checkbox');
INSERT INTO "quizy_page" VALUES(78,'2015-07-30 09:48:22.452035','2015-07-30 09:49:40.046159','Как будет "советовать" на английском?',2,'',1,'{}',39,'text');
INSERT INTO "quizy_page" VALUES(79,'2015-07-30 09:50:36.817813','2015-07-30 09:50:57.360710','Подбирите пару',3,'',1,'{}',39,'pairs');
INSERT INTO "quizy_page" VALUES(80,'2015-07-30 09:52:29.567327','2015-07-30 09:56:31.454394','В этом предложении пропущены слова. Сможете их подставить? 
Подсказка:  1е слово - "ценить" 
2е слово -"поддержку"',4,'',1,'{}',39,'words_in_text');
INSERT INTO "quizy_page" VALUES(81,'2015-07-30 09:56:42.323259','2015-07-30 09:57:55.748043','Какие слова означают "ценить"',5,'',1,'{}',39,'checkbox');
INSERT INTO "quizy_page" VALUES(82,'2015-08-20 10:52:40.403512','2015-08-20 10:54:51.181184','Какие слова являются парой?',1,'',1,'{}',41,'pairs');
INSERT INTO "quizy_page" VALUES(83,'2015-08-20 10:55:56.984587','2015-08-21 08:01:12.998161','Выбирите наиболее подходящее слово',4,'',1,'{}',41,'words_in_text');
INSERT INTO "quizy_page" VALUES(85,'2015-08-20 10:59:44.172658','2015-08-21 08:01:13.004474','Какое слово пропущено?',5,'',1,'{}',41,'words_in_text');
INSERT INTO "quizy_page" VALUES(86,'2015-08-20 11:02:00.392699','2015-08-21 08:01:13.010402','Какие слова пропущены?',6,'',1,'{}',41,'words_in_text');
INSERT INTO "quizy_page" VALUES(87,'2015-08-21 07:55:45.470163','2015-08-21 07:57:37.287243','Какие слова являются синонимами"?',2,'',1,'{}',41,'checkbox');
INSERT INTO "quizy_page" VALUES(88,'2015-08-21 08:00:57.952504','2015-08-23 04:55:55.755905','Слова ниже похожи по значению. Большинство из них можно употребить с ситуацией, например, ''плюсы ситуации''. Однако одно слово нельзя употребить в этом значении. Какое это слово?',3,'lessons/41/question_88_2.png',1,'{}',41,'radiobox');
INSERT INTO "quizy_page" VALUES(90,'2015-08-29 15:40:19.970873','2015-08-29 15:40:44.771670','Вопрос на выбор нескольких правильных ответов',1,'',1,'{}',48,'checkbox');
INSERT INTO "quizy_page" VALUES(91,'2015-08-29 16:05:27.803707','2015-08-29 16:08:10.304895','Вопрос с выбором одного ответа',2,'lessons/18ac740b-90d0-437c-b062-44dd8ae889fc/question_9119.png',1,'{}',48,'radiobox');
INSERT INTO "quizy_page" VALUES(92,'2015-08-29 16:12:30.014014','2015-08-29 16:12:40.843897','Вопрос с подбором пары',3,'',1,'{}',48,'pairs');
CREATE INDEX "quizy_page_55174b7b" ON "quizy_page" ("lesson_id");
COMMIT;
PRAGMA foreign_keys=OFF;
BEGIN TRANSACTION;
CREATE TABLE "quizy_statistic" ("id" integer NOT NULL PRIMARY KEY AUTOINCREMENT, "created_at" datetime NOT NULL, "number_of_attempt" integer NOT NULL, "success" bool NULL, "learner_id" integer NULL REFERENCES "account_account" ("id"), "lesson_id" integer NULL REFERENCES "quizy_lesson" ("id"), "reason" varchar(10) NULL, "updated_at" datetime NOT NULL, "data" text NULL);
INSERT INTO "quizy_statistic" VALUES(4,'2015-08-31 18:19:47.101040',0,1,6,61,NULL,'2015-08-31 18:21:16.272086','{}');
INSERT INTO "quizy_statistic" VALUES(5,'2015-08-31 18:30:22.272575',0,1,6,47,NULL,'2015-09-28 09:25:47.384322','{}');
INSERT INTO "quizy_statistic" VALUES(6,'2015-09-10 09:47:48.448135',0,1,6,59,NULL,'2015-09-28 09:31:05.095062','{}');
INSERT INTO "quizy_statistic" VALUES(7,'2015-09-20 00:28:29.948474',0,1,6,60,NULL,'2015-09-28 09:31:27.469418','{}');
INSERT INTO "quizy_statistic" VALUES(8,'2015-09-22 11:35:58.761110',0,1,6,62,NULL,'2015-09-28 09:31:33.883220','{}');
INSERT INTO "quizy_statistic" VALUES(9,'2015-09-30 09:32:40.969938',4,0,6,39,NULL,'2015-09-30 09:32:40.969968','{}');
INSERT INTO "quizy_statistic" VALUES(10,'2015-09-30 09:32:49.856685',5,0,6,41,NULL,'2015-09-30 09:32:49.856716','{}');
CREATE INDEX "quizy_statistic_f151c97f" ON "quizy_statistic" ("learner_id");
CREATE INDEX "quizy_statistic_55174b7b" ON "quizy_statistic" ("lesson_id");
COMMIT;
PRAGMA foreign_keys=OFF;
BEGIN TRANSACTION;
CREATE TABLE "quizy_variant" ("id" integer NOT NULL PRIMARY KEY AUTOINCREMENT, "created_at" datetime NOT NULL, "updated_at" datetime NOT NULL, "pair_type" varchar(10) NOT NULL, "right_answer" bool NOT NULL, "number" integer NOT NULL, "is_correct" bool NOT NULL, "code_errors" text NULL, "page_id" integer NOT NULL REFERENCES "quizy_page" ("id"), "pair_id" integer NULL REFERENCES "quizy_variant" ("id"), "reflexy" text NULL, "text" text NULL);
INSERT INTO "quizy_variant" VALUES(37,'2015-07-14 15:17:42.797948','2015-07-14 15:17:45.981987','question',0,1,1,'{}',28,NULL,NULL,'111');
INSERT INTO "quizy_variant" VALUES(38,'2015-07-14 15:17:42.940145','2015-07-14 15:17:47.701642','answer',0,1,1,'{}',28,37,NULL,'222');
INSERT INTO "quizy_variant" VALUES(39,'2015-07-14 15:17:47.895059','2015-07-14 15:17:50.343829','question',0,1,1,'{}',28,NULL,NULL,'333');
INSERT INTO "quizy_variant" VALUES(40,'2015-07-14 15:17:47.916568','2015-07-14 15:17:53.550183','answer',0,1,1,'{}',28,39,NULL,'4444');
INSERT INTO "quizy_variant" VALUES(41,'2015-07-14 20:16:35.926412','2015-07-15 17:36:57.093666','question',1,1,1,'{}',25,NULL,NULL,'Первый вариант');
INSERT INTO "quizy_variant" VALUES(42,'2015-07-14 20:16:36.923720','2015-07-15 17:36:57.019155','question',0,1,1,'{}',25,NULL,NULL,'Второй вариант ответа');
INSERT INTO "quizy_variant" VALUES(43,'2015-07-15 17:37:24.825229','2015-07-15 17:37:30.307581','question',0,1,1,'{}',25,NULL,NULL,'Третий вариант');
INSERT INTO "quizy_variant" VALUES(44,'2015-07-15 17:42:25.566906','2015-07-15 18:46:35.015951','question',0,1,1,'{}',24,NULL,NULL,'Первый вариант ответа');
INSERT INTO "quizy_variant" VALUES(55,'2015-07-15 18:46:36.947014','2015-07-15 18:49:31.251740','question',0,1,1,'{}',24,NULL,NULL,'Второй вариант ответа');
INSERT INTO "quizy_variant" VALUES(56,'2015-07-15 18:49:32.583107','2015-07-15 18:49:40.330125','question',0,1,1,'{}',24,NULL,NULL,'Третий вариант ответа');
INSERT INTO "quizy_variant" VALUES(57,'2015-07-15 19:01:06.648862','2015-07-15 19:01:20.362755','question',0,1,1,'{}',30,NULL,NULL,'Вариант ответа 1');
INSERT INTO "quizy_variant" VALUES(58,'2015-07-15 19:01:12.402709','2015-07-15 19:01:24.878010','question',0,1,1,'{}',30,NULL,NULL,'Вариант ответа 2');
INSERT INTO "quizy_variant" VALUES(59,'2015-07-15 19:01:37.451637','2015-07-15 19:01:55.412847','question',0,1,1,'{}',52,NULL,NULL,'ответ');
INSERT INTO "quizy_variant" VALUES(60,'2015-07-17 20:01:53.299925','2015-07-17 20:05:10.739504','question',1,1,1,'{}',53,NULL,NULL,'Вариант ответа верный');
INSERT INTO "quizy_variant" VALUES(62,'2015-07-17 20:02:12.061736','2015-07-17 20:05:09.705068','question',1,1,1,'{}',53,NULL,NULL,'Вариант ответа верный');
INSERT INTO "quizy_variant" VALUES(64,'2015-07-17 20:04:57.753384','2015-07-17 20:05:09.601213','question',0,1,1,'{}',53,NULL,NULL,'Вариант ответа неверный');
INSERT INTO "quizy_variant" VALUES(72,'2015-07-18 14:33:49.677024','2015-07-18 14:33:56.492192','question',0,1,1,'{}',56,NULL,NULL,'qqq');
INSERT INTO "quizy_variant" VALUES(73,'2015-07-18 14:33:49.704528','2015-07-18 14:34:00.355260','answer',0,1,1,'{}',56,72,NULL,'qqq2');
INSERT INTO "quizy_variant" VALUES(74,'2015-07-18 14:33:50.655545','2015-07-18 14:34:02.105349','question',0,1,1,'{}',56,NULL,NULL,'aaa');
INSERT INTO "quizy_variant" VALUES(75,'2015-07-18 14:33:50.692122','2015-07-18 14:34:05.617053','answer',0,1,1,'{}',56,74,NULL,'aaa2');
INSERT INTO "quizy_variant" VALUES(86,'2015-07-23 15:37:20.191825','2015-07-25 19:31:29.406257','question',0,1,1,'{}',69,NULL,NULL,'оарлоывра аыволыв лыоварлоыв ((xxx, *yyy,zzz)) fsdlkjf fsdkfldskf s ((*ccc, fff, ggg )) ffff sdjfskdf [[ccc, fff, 222]] аоылвао ывоалыв аывло [[ccc, fff]] fdsfsd');
INSERT INTO "quizy_variant" VALUES(87,'2015-07-24 12:25:53.302726','2015-07-24 13:06:34.232896','question',1,1,1,'{}',70,NULL,'Рефлексия правильного ответ','Правильный ответ');
INSERT INTO "quizy_variant" VALUES(88,'2015-07-24 13:01:06.677136','2015-07-24 13:06:47.556053','question',0,1,1,'{}',70,NULL,'Рефлексия неправильного ответа','Неправильный ответ');
INSERT INTO "quizy_variant" VALUES(91,'2015-07-24 16:15:31.985905','2015-07-24 17:44:12.801893','question',1,1,1,'{}',73,NULL,'Рефлексия ответа радио','Вариант ответа правильный');
INSERT INTO "quizy_variant" VALUES(93,'2015-07-24 17:07:44.764846','2015-07-24 17:44:16.166215','question',0,1,1,'{}',73,NULL,'Рефлексия неправильного ответа радио','Вариант ответа не правильный');
INSERT INTO "quizy_variant" VALUES(96,'2015-07-30 09:41:16.686569','2015-08-22 13:58:14.281243','question',0,1,1,'{}',77,NULL,'Должно быть множественное число, ведь ''несколько''','There are several issue with this plan.');
INSERT INTO "quizy_variant" VALUES(97,'2015-07-30 09:44:58.812652','2015-07-30 09:45:17.506123','question',1,1,1,'{}',77,NULL,'все верно!','There are several issues with this plan.');
INSERT INTO "quizy_variant" VALUES(98,'2015-07-30 09:45:21.324531','2015-07-30 09:45:59.854232','question',0,1,1,'{}',77,NULL,'В этом предложении есть орфографическая ошибка.','There are several isues with this plan.');
INSERT INTO "quizy_variant" VALUES(99,'2015-07-30 09:48:23.852079','2015-07-30 09:49:44.576762','question',0,1,1,'{}',78,NULL,NULL,'advise');
INSERT INTO "quizy_variant" VALUES(100,'2015-07-30 09:50:38.223484','2015-07-30 09:51:20.794025','question',0,1,1,'{}',79,NULL,NULL,'at');
INSERT INTO "quizy_variant" VALUES(101,'2015-07-30 09:50:38.669863','2015-07-30 09:51:29.303547','answer',0,1,1,'{}',79,100,NULL,'a quarter to 5');
INSERT INTO "quizy_variant" VALUES(102,'2015-07-30 09:51:29.712623','2015-07-30 09:51:33.088793','question',0,1,1,'{}',79,NULL,NULL,'on');
INSERT INTO "quizy_variant" VALUES(103,'2015-07-30 09:51:30.263335','2015-07-30 09:51:49.897162','answer',0,1,1,'{}',79,102,NULL,'Friday');
INSERT INTO "quizy_variant" VALUES(104,'2015-07-30 09:51:54.361254','2015-07-30 09:51:59.934721','question',0,1,1,'{}',79,NULL,NULL,'in');
INSERT INTO "quizy_variant" VALUES(105,'2015-07-30 09:51:54.794516','2015-07-30 09:52:11.645653','answer',0,1,1,'{}',79,104,NULL,'the middle of May');
INSERT INTO "quizy_variant" VALUES(106,'2015-07-30 09:52:31.376696','2015-07-30 09:56:04.377123','question',0,1,1,'{}',80,NULL,NULL,'I ((*appreciate, like, thank)) your [[support]]');
INSERT INTO "quizy_variant" VALUES(107,'2015-07-30 09:56:43.745047','2015-07-30 09:59:31.616318','question',1,1,1,'{}',81,NULL,'Да, все верно! Это ОЧЕНЬ популярное слово в деловом общении.','apperiate');
INSERT INTO "quizy_variant" VALUES(108,'2015-07-30 09:58:09.150219','2015-07-30 09:59:32.443203','question',1,1,1,'{}',81,NULL,'Да, это тоже ценить. Молодец!','value');
INSERT INTO "quizy_variant" VALUES(109,'2015-07-30 09:58:47.853087','2015-07-30 09:59:21.230294','question',0,1,1,'{}',81,NULL,'"Thank" означает благодарить.','thank');
INSERT INTO "quizy_variant" VALUES(111,'2015-08-20 10:52:41.740771','2015-08-20 10:52:58.789934','question',0,1,1,'{}',82,NULL,NULL,'benefit');
INSERT INTO "quizy_variant" VALUES(112,'2015-08-20 10:52:42.150964','2015-08-20 10:53:08.787925','answer',0,1,1,'{}',82,111,NULL,'drawback');
INSERT INTO "quizy_variant" VALUES(113,'2015-08-20 10:52:45.343638','2015-08-20 10:53:16.566062','question',0,1,1,'{}',82,NULL,NULL,'advantage');
INSERT INTO "quizy_variant" VALUES(114,'2015-08-20 10:52:45.745414','2015-08-20 10:53:24.111492','answer',0,1,1,'{}',82,113,NULL,'disadvantage');
INSERT INTO "quizy_variant" VALUES(115,'2015-08-20 10:53:25.471581','2015-08-20 10:53:50.140000','question',0,1,1,'{}',82,NULL,NULL,'pro');
INSERT INTO "quizy_variant" VALUES(116,'2015-08-20 10:53:25.884922','2015-08-20 10:53:56.711936','answer',0,1,1,'{}',82,115,NULL,'con');
INSERT INTO "quizy_variant" VALUES(117,'2015-08-20 10:53:42.485038','2015-08-20 10:54:09.946865','question',0,1,1,'{}',82,NULL,NULL,'a positive aspect');
INSERT INTO "quizy_variant" VALUES(118,'2015-08-20 10:53:42.885748','2015-08-20 10:54:19.372850','answer',0,1,1,'{}',82,117,NULL,'a negative aspect');
INSERT INTO "quizy_variant" VALUES(119,'2015-08-20 10:55:58.325514','2015-08-20 11:32:53.430491','question',0,1,1,'{}',83,NULL,NULL,'Every year, millions of people decide to immigrate. This can have
considerable ((*benefits, pros, aspects)) , such as living in a more stable and developed country, but also involves certain ((cons, *drawbacks, features)), which may include feelings of isolation or homesickness.');
INSERT INTO "quizy_variant" VALUES(121,'2015-08-20 10:59:45.498239','2015-08-20 11:00:49.499169','question',0,1,1,'{}',85,NULL,NULL,'Another [[negative]]  aspect may be the high cost of living in their new country.');
INSERT INTO "quizy_variant" VALUES(122,'2015-08-20 11:02:01.725023','2015-08-20 11:02:55.776088','question',0,1,1,'{}',86,NULL,NULL,'However, most people tend to find that the [[advantages]] outweigh the [[disadvantages]].');
INSERT INTO "quizy_variant" VALUES(123,'2015-08-21 07:55:47.733880','2015-08-21 08:00:33.665826','question',1,1,1,'{}',87,NULL,'','pro');
INSERT INTO "quizy_variant" VALUES(124,'2015-08-21 07:56:38.291052','2015-08-21 08:00:30.640074','question',1,1,1,'{}',87,NULL,'','advantage');
INSERT INTO "quizy_variant" VALUES(125,'2015-08-21 07:57:37.712217','2015-08-21 07:59:04.392607','question',0,1,1,'{}',87,NULL,'''con'' означает минус, против, так в слове ''КОНтратака''','con');
INSERT INTO "quizy_variant" VALUES(128,'2015-08-21 08:00:59.756040','2015-08-23 04:53:03.926133','question',0,1,1,'{}',88,NULL,'Это слово можно употребить с ситуацией. Например ''pros and cons of immigration''','pro');
INSERT INTO "quizy_variant" VALUES(129,'2015-08-21 08:02:57.544969','2015-08-23 04:53:07.086565','question',0,1,1,'{}',88,NULL,'Это слово можно употребить с ситуацией. Например ''An advantage of this situation''','advantage');
INSERT INTO "quizy_variant" VALUES(130,'2015-08-21 08:03:02.705473','2015-08-23 04:53:11.375985','question',1,1,1,'{}',88,NULL,'Это слово употребляю про людей, т.е сильная сторона человека. Другие же слова употребляют про ситуацию.','strength');
INSERT INTO "quizy_variant" VALUES(131,'2015-08-21 08:03:19.521626','2015-08-23 04:53:13.705701','question',0,1,1,'{}',88,NULL,'Это слово можно употребить с ситуацией. Например ''the benefit of moving abroad is..''','benefit');
INSERT INTO "quizy_variant" VALUES(133,'2015-08-29 15:40:20.103836','2015-08-29 15:41:03.493663','question',1,1,1,'{}',90,NULL,NULL,'Правильный ответ');
INSERT INTO "quizy_variant" VALUES(134,'2015-08-29 15:40:44.918331','2015-08-29 15:41:04.546875','question',1,1,1,'{}',90,NULL,NULL,'Правильный ответ');
INSERT INTO "quizy_variant" VALUES(135,'2015-08-29 15:40:45.521831','2015-08-29 15:41:21.946775','question',0,1,1,'{}',90,NULL,'Рефлексия неправильного ответ','Неправильный ответ');
INSERT INTO "quizy_variant" VALUES(136,'2015-08-29 16:05:28.493560','2015-08-29 16:08:31.398471','question',1,1,1,'{}',91,NULL,NULL,'Правильный ответ');
INSERT INTO "quizy_variant" VALUES(137,'2015-08-29 16:05:43.074385','2015-08-29 16:08:40.859301','question',0,1,1,'{}',91,NULL,NULL,'Неправильный ответ');
INSERT INTO "quizy_variant" VALUES(138,'2015-08-29 16:12:30.122973','2015-08-29 16:12:45.713605','question',0,1,1,'{}',92,NULL,NULL,'пара 1');
INSERT INTO "quizy_variant" VALUES(139,'2015-08-29 16:12:30.152072','2015-08-29 16:12:48.493342','answer',0,1,1,'{}',92,138,NULL,'пара 1');
INSERT INTO "quizy_variant" VALUES(140,'2015-08-29 16:12:40.960347','2015-08-29 16:12:50.894600','question',0,1,1,'{}',92,NULL,NULL,'пара 2');
INSERT INTO "quizy_variant" VALUES(141,'2015-08-29 16:12:40.986136','2015-08-29 16:12:53.603758','answer',0,1,1,'{}',92,140,NULL,'пара 2');
CREATE INDEX "quizy_variant_1a63c800" ON "quizy_variant" ("page_id");
CREATE INDEX "quizy_variant_0fcb6b21" ON "quizy_variant" ("pair_id");
COMMIT;
